Workbook

Sheet 안내
B1: 노사관계 진단·평가 도구 (구글시트용)
B2: 근거: 노사발전재단 「일터혁신 실태조사」 2023·2024·2025 최종보고서 — 일터혁신지수 ‘노사관계’ 영역(100점)
B4: ■ 이 파일은 무엇인가요?
B5: 설문에 답하면 노사발전재단이 매년 발표하는 일터혁신지수 ‘노사관계’ 점수(100점 만점)와 같은 방식으로 자동 채점하고,
B6: 같은 해·같은 조건(규모·업종·노조유무) 사업장 평균과 비교해 등급과 우선 개선과제를 보여줍니다. 매크로 없이 수식만으로 동작합니다.
B7: 쉽게 말하면 — 5과목(분위기·협력/갈등·정보공유·고충처리·노사협의회) 성적표를 만들고 ‘전국 평균 대비 몇 점 위/아래인지’ 알려주는 도구입니다.
B9: ■ 사용 순서
B10: ① [설문] 시트 위쪽 노란 칸에 기관 기본정보(업종·규모·노조·노사협의회·컨설팅 수혜)를 고릅니다.
B11: ② [설문] 시트에서 응답자 1명이 한 열(E열=응답자1, F열=응답자2 …, 최대 50명)을 맡아 드롭다운으로 답합니다.
B12: · 14행 ‘응답자 유형’을 꼭 고르세요(사업주·담당자 / 근로자). 유형을 고르지 않은 열은 집계에서 빠집니다.
B13: · 여러 사람이 동시에 답하려면 구글시트 공유(편집자)로 링크를 보내 각자 자기 열에 입력하면 됩니다.
B14: ③ [결과] 시트에서 응답자 유형·비교연도·비교집단을 고르면 종합점수·등급·벤치마크 비교·우선 개선과제·문항별 강약점이 자동 계산됩니다.
... B24: · 등급(S~D)은 재단 공식 등급이 아니라 이 도구가 정한 ‘벤치마크 대비 차이’ 기준입니다. 자세한 근거는 [모형설계]·[역산검증] 시트에 있습니다.

Sheet 설문
A1: 노사관계 진단 설문
A2: 노란 칸만 입력 · 응답자 1명 = 1열(E열부터 최대 50명) · 드롭다운으로 선택
B4: 기관/사업장명 | D4: 자유 입력
B5: 업종 | C5: 공공행정서비스 | D5: 재단 실태조사 업종 분류
B6: 규모(상시근로자) | C6: 300인 이상 | D6: 벤치마크 규모 구간
B7: 노동조합 | C7: 있음
B8: 노사협의회 | C8: 설치 | D8: 미설치·50인 미만·무노조면 노사협의회 영역 제외 후 100점 환산
B9: 일터혁신 컨설팅(최근 3년) | C9: 받지 않음(일반) | D9: 벤치마크 비교집단 자동 선택에 사용
A12: 문항ID | B12: 구분 | C12: 문항 | D12: 응답 방법 | E12: 응답자1 | F12: 응답자2 | G12: 응답자3 | H12: 응답자4 | I12: 응답자5 | J12: 응답자6 | K12: 응답자7 | L12: 응답자8 | M12: 응답자9 | N12: 응답자10 | O12: 응답자11 | P12: 응답자12 | Q12: 응답자13 | R12: 응답자14 | S12: 응답자15 | T12: 응답자16 | U12: 응답자17 | V12: 응답자18 | W12: 응답자19 | X12: 응답자20 | Y12: 응답자21 | Z12: 응답자22 | AA12: 응답자23 | AB12: 응답자24 | AC12: 응답자25 | AD12: 응답자26 | AE12: 응답자27 | AF12: 응답자28 | AG12: 응답자29 | AH12: 응답자30 | AI12: 응답자31 | AJ12: 응답자32 | AK12: 응답자33 | AL12: 응답자34 | AM12: 응답자35 | AN12: 응답자36 | AO12: 응답자37 | AP12: 응답자38 | AQ12: 응답자39 | AR12: 응답자40 | AS12: 응답자41 | AT12: 응답자42 | AU12: 응답자43 | AV12: 응답자44 | AW12: 응답자45 | AX12: 응답자46 | AY12: 응답자47 | AZ12: 응답자48 | BA12: 응답자49 | BB12: 응답자50
A13: TYPE | C13: 응답자 유형 (반드시 선택) | D13: 사업주·담당자 / 근로자
A14: MEMO | C14: 소속·비고(선택) | D14: 자유 입력
A15: 문16. 노사관계 전반 — 우리 회사는 …
A16: Q16_1 | B16: 노사관계분위기 | C16: 노사의 이해관계가 크게 다르지 않아 협조가 잘 이루어진다 | D16: 1~5 (1 전혀 그렇지 않다 · 3 보통 · 5 매우 그렇다)
A17: Q16_2 | B17: 노사관계분위기 | C17: 노사가 서로 상대방의 일에 대해 반대하지 않는다 | D17: 1~5 (1 전혀 그렇지 않다 · 3 보통 · 5 매우 그렇다)
A18: Q16_3 | B18: 노사관계분위기 | C18: 노사 모두가 회사를 더욱 일하기 좋은 곳으로 만들려고 노력한다 | D18: 1~5 (1 전혀 그렇지 않다 · 3 보통 · 5 매우 그렇다)
A19: Q16_4 | B19: 노사관계분위기 | C19: 그간 노사관계가 협력적이었다 | D19: 1~5 (1 전혀 그렇지 않다 · 3 보통 · 5 매우 그렇다)
A20: 문17. 노사협력 프로그램·행사(최근 3년) — 시행여부, 시행했다면 활성화 정도(1 전혀 활용되지 않음 ~ 5 잘 활용됨)
A21: Q17_1 | B21: 노사협력 및 갈등 | C21: 노사협력선언·노사공동결의대회 — 시행여부 | D21: 시행 / 미시행
A22: Q17_1A | B22: 노사협력 및 갈등 | C22: 노사협력선언·노사공동결의대회 — 활성화 정도(시행한 경우만) | D22: 1~5 (시행한 경우만)
A23: Q17_2 | B23: 노사협력 및 갈등 | C23: 노사공동기구·위원회를 통한 문제해결 — 시행여부 | D23: 시행 / 미시행
A24: Q17_2A | B24: 노사협력 및 갈등 | C24: 노사공동기구·위원회를 통한 문제해결 — 활성화 정도(시행한 경우만) | D24: 1~5 (시행한 경우만)
A25: Q17_3 | B25: 노사협력 및 갈등 | C25: 노사공동교육·워크숍 — 시행여부 | D25: 시행 / 미시행
A26: Q17_3A | B26: 노사협력 및 갈등 | C26: 노사공동교육·워크숍 — 활성화 정도(시행한 경우만) | D26: 1~5 (시행한 경우만)
A27: Q17_4 | B27: 노사협력 및 갈등 | C27: 직원단합대회(체육대회, 등반대회, 야유회 등) — 시행여부 | D27: 시행 / 미시행
A28: Q17_4A | B28: 노사협력 및 갈등 | C28: 직원단합대회(체육대회, 등반대회, 야유회 등) — 활성화 정도(시행한 경우만) | D28: 1~5 (시행한 경우만)
A29: Q17_5 | B29: 노사협력 및 갈등 | C29: 노사공동 사회봉사(일사일촌 등) — 시행여부 | D29: 시행 / 미시행
A30: Q17_5A | B30: 노사협력 및 갈등 | C30: 노사공동 사회봉사(일사일촌 등) — 활성화 정도(시행한 경우만) | D30: 1~5 (시행한 경우만)
A31: 문18. 노사 간 갈등(최근 3년) — 발생 여부
A32: Q18_1 | B32: 노사협력 및 갈등 | C32: 파업(부분파업 포함) 발생 | D32: 발생 / 미발생
A33: Q18_2 | B33: 노사협력 및 갈등 | C33: 노사문제로 인한 경제적 손실 발생 | D33: 발생 / 미발생
A34: Q18_3 | B34: 노사협력 및 갈등 | C34: 노사문제로 인한 고소·고발 발생 | D34: 발생 / 미발생
A35: Q18_4 | B35: 노사협력 및 갈등 | C35: 노사문제로 인한 해고자 발생 | D35: 발생 / 미발생
A36: 문19. 근로자 고충처리 — 우리 회사는 …
A37: Q19_1 | B37: 고충처리 | C37: 근로자의 고충을 전달할 공식적인 통로를 충분히 제공하고 있다 | D37: 1~5 (1 전혀 그렇지 않다 · 3 보통 · 5 매우 그렇다)
A38: Q19_2 | B38: 고충처리 | C38: 고충 제기 후 처리과정에서 노사 간 의사소통이 수시로 이루어진다 | D38: 1~5 (1 전혀 그렇지 않다 · 3 보통 · 5 매우 그렇다)
A39: Q19_3 | B39: 고충처리 | C39: 근로자의 고충을 효과적으로 처리한다 | D39: 1~5 (1 전혀 그렇지 않다 · 3 보통 · 5 매우 그렇다)
A40: Q19_4 | B40: 고충처리 | C40: 고충처리에 대해 근로자들은 만족하고 있다 | D40: 1~5 (1 전혀 그렇지 않다 · 3 보통 · 5 매우 그렇다)
A41: 문20. (참고·점수 미반영) 지난해 제기된 고충의 해결 정도
A42: Q20 | B42: 참고 | C42: 1=30%미만 2=30~50% 3=50~70% 4=70~90% 5=90%이상 | D42: 1~5
A43: 문21. 근로자(대표)와의 의사소통 — 우리 회사는 …
A44: Q21_1 | B44: 정보공유와 의사소통 | C44: 노사 간에는 공식·비공식의 의사소통 통로가 다양하게 존재한다 | D44: 1~5 (1 전혀 그렇지 않다 · 3 보통 · 5 매우 그렇다)
A45: Q21_2 | B45: 정보공유와 의사소통 | C45: 경영진과 근로자와의 정기적인 간담회가 잘 이루어진다 | D45: 1~5 (1 전혀 그렇지 않다 · 3 보통 · 5 매우 그렇다)
A46: Q21_3 | B46: 정보공유와 의사소통 | C46: 필요시 노사대표 간 핫라인이 잘 작동된다 | D46: 1~5 (1 전혀 그렇지 않다 · 3 보통 · 5 매우 그렇다)
A47: Q21_4 | B47: 정보공유와 의사소통 | C47: 근로자들의 일상적인 문제들이 노사 간 의사소통을 통해서 잘 해결되고 있다 | D47: 1~5 (1 전혀 그렇지 않다 · 3 보통 · 5 매우 그렇다)
A48: Q21_5 | B48: 정보공유와 의사소통 | C48: 개별 직원들이 최고책임자나 경영진에게 자신의 의견을 말할 수 있는 기회가 많다 | D48: 1~5 (1 전혀 그렇지 않다 · 3 보통 · 5 매우 그렇다)
A49: 문22. 경영정보 공유 — 근로자(또는 회사)는 …
A50: Q22_1 | B50: 정보공유와 의사소통 | C50: 근로자들은 회사의 비전과 목표가 무엇인지 알고 있다 | D50: 1~5 (1 전혀 그렇지 않다 · 3 보통 · 5 매우 그렇다)
A51: Q22_2 | B51: 정보공유와 의사소통 | C51: 근로자들은 회사의 각종 경영현황을 이해하고 있다 | D51: 1~5 (1 전혀 그렇지 않다 · 3 보통 · 5 매우 그렇다)
A52: Q22_3 | B52: 정보공유와 의사소통 | C52: 회사는 각종 경영정보를 근로자와 공유하고 있다 | D52: 1~5 (1 전혀 그렇지 않다 · 3 보통 · 5 매우 그렇다)
A53: Q22_4 | B53: 정보공유와 의사소통 | C53: 근로자는 회사가 제공하는 경영정보를 신뢰한다 | D53: 1~5 (1 전혀 그렇지 않다 · 3 보통 · 5 매우 그렇다)
A54: 문23. 노사협의회(또는 노사공동위원회) 운영 — 우리 노사협의회는 … (미설치면 비워두세요)
A55: Q23_1 | B55: 노사협의회 | C55: 경영 계획과 실적에 대한 정보공유 창구로 활용된다 | D55: 1~5 (1 전혀 그렇지 않다 · 3 보통 · 5 매우 그렇다)
A56: Q23_2 | B56: 노사협의회 | C56: 인사노무제도 개선을 위한 논의 창구로 활용된다 | D56: 1~5 (1 전혀 그렇지 않다 · 3 보통 · 5 매우 그렇다)
A57: Q23_3 | B57: 노사협의회 | C57: 안전보건 및 작업환경 개선을 위한 논의 창구로 활용된다 | D57: 1~5 (1 전혀 그렇지 않다 · 3 보통 · 5 매우 그렇다)
A58: Q23_4 | B58: 노사협의회 | C58: 근로자 복지개선을 위한 협의 창구로 활용된다 | D58: 1~5 (1 전혀 그렇지 않다 · 3 보통 · 5 매우 그렇다)
A59: Q23_5 | B59: 노사협의회 | C59: 작업장 내 생산성 향상을 위한 논의 창구로 활용된다 | D59: 1~5 (1 전혀 그렇지 않다 · 3 보통 · 5 매우 그렇다)
A60: 문24. 일터혁신에 대한 노동조합(없으면 노사협의회 근로자대표)의 태도와 역할 — 우리 노조(근로자대표)는 …
A61: Q24_1 | B61: 노사관계분위기 | C61: 일터혁신과 관련된 인적자원개발(교육훈련 등) 활동을 지지한다 | D61: 1~5 (1 전혀 그렇지 않다 · 3 보통 · 5 매우 그렇다)
A62: Q24_2 | B62: 노사관계분위기 | C62: 일터혁신과 관련하여 고용안정을 위해 노력한다 | D62: 1~5 (1 전혀 그렇지 않다 · 3 보통 · 5 매우 그렇다)
A63: Q24_3 | B63: 노사관계분위기 | C63: 일터혁신과 관련된 작업장에서의 직원 참여활동을 지지한다 | D63: 1~5 (1 전혀 그렇지 않다 · 3 보통 · 5 매우 그렇다)
A64: Q24_4 | B64: 노사관계분위기 | C64: 일터혁신과 관련된 인적자원관리(보상, 평가 등) 활동을 지지한다 | D64: 1~5 (1 전혀 그렇지 않다 · 3 보통 · 5 매우 그렇다)
A65: Q24_5 | B65: 노사관계분위기 | C65: 일터혁신 전반에 대해 지지한다 | D65: 1~5 (1 전혀 그렇지 않다 · 3 보통 · 5 매우 그렇다)

Sheet 결과
B1: 노사관계 진단 결과
B2: 노란 칸에서 조건을 고르면 자동 계산됩니다. 점수는 재단 일터혁신지수 노사관계 영역과 같은 구조(100점)입니다.
B4: 응답자 유형 | C4: 사업주·담당자 | D4: 벤치마크는 사업주·담당자 응답 기준
B5: 비교 연도 | C5: 2025 | D5: 2025=최신(2025식 계산), 2024(보정)=갈등 이상치 보정
B6: 비교 집단 | C6: 자동 | D6: 자동=설문 기본정보의 컨설팅 수혜 여부를 따름
B7: 적용 계산식 | C7: =IF(C5&""="2025","2025식","2023·24식") | D7: ="기관: "&IF(설문!$C$4="","(미입력)",설문!$C$4)&" · "&설문!$C$5&" · "&설문!$C$6&" · 노조 "&설문!$C$7&" · 노사협의회 "&설문!$C$8
B8: 적용 비교집단 | C8: =IF(C6="자동",IF(설문!$C$9="받음(수혜)","수혜","일반"),C6)
B9: 문항 비교 기준연도 | C9: =IF(C5&""="2024(보정)","2024",C5&"")
B11: ■ 종합
B12: 응답자 수(유효) | C12: =COUNTIFS(점수_응답자!$E$4:$BB$4,$C$4,점수_응답자!$E$5:$BB$5,1)
B13: 종합점수(100점) | C13: =IFERROR(SUM(E23:E29)/SUMPRODUCT(D23:D29,--(E23:E29<>""))*100,"") | D13: =IF(C13="","",REPT("■",ROUND(C13/5,0))&REPT("□",20-ROUND(C13/5,0)))
B14: 벤치마크(배점 반영) | C14: =IFERROR(SUMPRODUCT(D23:D29,G23:G29,--(E23:E29<>""))/SUMPRODUCT(D23:D29,--(E23:E29<>""))*100,"") | D14: =IF(C14="","",REPT("■",ROUND(C14/5,0))&REPT("□",20-ROUND(C14/5,0)))
B15: 공식 공표 총점(참고) | C15: =IFERROR(INDEX(벤치마크!$E$65:$E$160,MATCH($C$5&"|"&$C$8&"|"&"전체",벤치마크!$A$65:$A$160,0)),"")
B16: 벤치마크 대비 차이 | C16: =IF(OR(C13="",C14=""),"",C13-C14)
B17: 진단 등급 | C17: =IF(C16="","",IF(C16>=10,"S 매우 우수",IF(C16>=3,"A 우수",IF(C16>-3,"B 평균 수준",IF(C16>-10,"C 미흡","D 매우 미흡")))))
B18: 한 줄 해석 | C18: =IF(C16="","응답을 입력하면 해석이 표시됩니다.","같은 해 "&$C$8&"사업장 평균보다 "&TEXT(ABS(C16),"0.0")&"점 "&IF(C16>=0,"높습니다.","낮습니다.")&IF(C43="",""," 가장 큰 개선 여지는 ‘"&C43&"’입니다."))
B20: ■ 소분류(파트)별 점수 — 막대: ■=우리 달성률, 숫자=벤치마크 달성률
B22: 파트 | C22: 중분류 | D22: 배점 | E22: 우리 점수 | F22: 우리 달성률 | G22: 벤치 달성률 | H22: 벤치 점수 | I22: 차이(점) | J22: 막대(우리 달성률) | K22: 판정
B23: P1 노사관계 전반 인식 | C23: 노사관계분위기 | D23: =가중치!$F$45 | E23: =IF($C$7="2025식",IFERROR(AVERAGEIFS(점수_응답자!$E$128:$BB$128,점수_응답자!$E$4:$BB$4,$C$4,점수_응답자!$E$5:$BB$5,1),""),IFERROR(AVERAGEIFS(점수_응답자!$E$138:$BB$138,점수_응답자!$E$4:$BB$4,$C$4,점수_응답자!$E$5:$BB$5,1),"")) | F23: =IF(E23="","",E23/D23) | G23: =IFERROR(INDEX(벤치마크!$E$6:$E$61,MATCH($C$5&"|"&$C$8&"|"&"P1",벤치마크!$A$6:$A$61,0)),"") | H23: =IF(G23="","",G23*D23) | I23: =IF(OR(E23="",H23=""),"",E23-H23) | J23: =IF(F23="","",REPT("■",ROUND(F23*10,0))&REPT("□",10-ROUND(F23*10,0))) | K23: =IF(I23="","",IF(I23>=0.5,"강점",IF(I23<=-0.5,"약점","보통"))) | L23: =IF(E23="",-1,D23-E23+ROW()/1000000)
B24: P2 노조·근로자대표의 혁신 태도 | C24: 노사관계분위기 | D24: =가중치!$F$46 | E24: =IF($C$7="2025식",IFERROR(AVERAGEIFS(점수_응답자!$E$129:$BB$129,점수_응답자!$E$4:$BB$4,$C$4,점수_응답자!$E$5:$BB$5,1),""),IFERROR(AVERAGEIFS(점수_응답자!$E$139:$BB$139,점수_응답자!$E$4:$BB$4,$C$4,점수_응답자!$E$5:$BB$5,1),"")) | F24: =IF(E24="","",E24/D24) | G24: =IFERROR(INDEX(벤치마크!$E$6:$E$61,MATCH($C$5&"|"&$C$8&"|"&"P2",벤치마크!$A$6:$A$61,0)),"") | H24: =IF(G24="","",G24*D24) | I24: =IF(OR(E24="",H24=""),"",E24-H24) | J24: =IF(F24="","",REPT("■",ROUND(F24*10,0))&REPT("□",10-ROUND(F24*10,0))) | K24: =IF(I24="","",IF(I24>=0.5,"강점",IF(I24<=-0.5,"약점","보통"))) | L24: =IF(E24="",-1,D24-E24+ROW()/1000000)
B25: P3 노사협력 프로그램 | C25: 노사협력 및 갈등 | D25: =가중치!$F$47 | E25: =IF($C$7="2025식",IFERROR(AVERAGEIFS(점수_응답자!$E$130:$BB$130,점수_응답자!$E$4:$BB$4,$C$4,점수_응답자!$E$5:$BB$5,1),""),IFERROR(AVERAGEIFS(점수_응답자!$E$140:$BB$140,점수_응답자!$E$4:$BB$4,$C$4,점수_응답자!$E$5:$BB$5,1),"")) | F25: =IF(E25="","",E25/D25) | G25: =IFERROR(INDEX(벤치마크!$E$6:$E$61,MATCH($C$5&"|"&$C$8&"|"&"P3",벤치마크!$A$6:$A$61,0)),"") | H25: =IF(G25="","",G25*D25) | I25: =IF(OR(E25="",H25=""),"",E25-H25) | J25: =IF(F25="","",REPT("■",ROUND(F25*10,0))&REPT("□",10-ROUND(F25*10,0))) | K25: =IF(I25="","",IF(I25>=0.5,"강점",IF(I25<=-0.5,"약점","보통"))) | L25: =IF(E25="",-1,D25-E25+ROW()/1000000)
B26: P4 노사갈등(미발생) | C26: 노사협력 및 갈등 | D26: =가중치!$F$48 | E26: =IF($C$7="2025식",IFERROR(AVERAGEIFS(점수_응답자!$E$131:$BB$131,점수_응답자!$E$4:$BB$4,$C$4,점수_응답자!$E$5:$BB$5,1),""),IFERROR(AVERAGEIFS(점수_응답자!$E$141:$BB$141,점수_응답자!$E$4:$BB$4,$C$4,점수_응답자!$E$5:$BB$5,1),"")) | F26: =IF(E26="","",E26/D26) | G26: =IFERROR(INDEX(벤치마크!$E$6:$E$61,MATCH($C$5&"|"&$C$8&"|"&"P4",벤치마크!$A$6:$A$61,0)),"") | H26: =IF(G26="","",G26*D26) | I26: =IF(OR(E26="",H26=""),"",E26-H26) | J26: =IF(F26="","",REPT("■",ROUND(F26*10,0))&REPT("□",10-ROUND(F26*10,0))) | K26: =IF(I26="","",IF(I26>=0.5,"강점",IF(I26<=-0.5,"약점","보통"))) | L26: =IF(E26="",-1,D26-E26+ROW()/1000000)
B27: P5 정보공유·의사소통 | C27: 정보공유와 의사소통 | D27: =가중치!$F$49 | E27: =IF($C$7="2025식",IFERROR(AVERAGEIFS(점수_응답자!$E$132:$BB$132,점수_응답자!$E$4:$BB$4,$C$4,점수_응답자!$E$5:$BB$5,1),""),IFERROR(AVERAGEIFS(점수_응답자!$E$142:$BB$142,점수_응답자!$E$4:$BB$4,$C$4,점수_응답자!$E$5:$BB$5,1),"")) | F27: =IF(E27="","",E27/D27) | G27: =IFERROR(INDEX(벤치마크!$E$6:$E$61,MATCH($C$5&"|"&$C$8&"|"&"P5",벤치마크!$A$6:$A$61,0)),"") | H27: =IF(G27="","",G27*D27) | I27: =IF(OR(E27="",H27=""),"",E27-H27) | J27: =IF(F27="","",REPT("■",ROUND(F27*10,0))&REPT("□",10-ROUND(F27*10,0))) | K27: =IF(I27="","",IF(I27>=0.5,"강점",IF(I27<=-0.5,"약점","보통"))) | L27: =IF(E27="",-1,D27-E27+ROW()/1000000)
B28: P6 고충처리 | C28: 고충처리 | D28: =가중치!$F$50 | E28: =IF($C$7="2025식",IFERROR(AVERAGEIFS(점수_응답자!$E$133:$BB$133,점수_응답자!$E$4:$BB$4,$C$4,점수_응답자!$E$5:$BB$5,1),""),IFERROR(AVERAGEIFS(점수_응답자!$E$143:$BB$143,점수_응답자!$E$4:$BB$4,$C$4,점수_응답자!$E$5:$BB$5,1),"")) | F28: =IF(E28="","",E28/D28) | G28: =IFERROR(INDEX(벤치마크!$E$6:$E$61,MATCH($C$5&"|"&$C$8&"|"&"P6",벤치마크!$A$6:$A$61,0)),"") | H28: =IF(G28="","",G28*D28) | I28: =IF(OR(E28="",H28=""),"",E28-H28) | J28: =IF(F28="","",REPT("■",ROUND(F28*10,0))&REPT("□",10-ROUND(F28*10,0))) | K28: =IF(I28="","",IF(I28>=0.5,"강점",IF(I28<=-0.5,"약점","보통"))) | L28: =IF(E28="",-1,D28-E28+ROW()/1000000)
B29: P7 노사협의회 활용성 | C29: 노사협의회 | D29: =가중치!$F$51 | E29: =IF($C$7="2025식",IFERROR(AVERAGEIFS(점수_응답자!$E$134:$BB$134,점수_응답자!$E$4:$BB$4,$C$4,점수_응답자!$E$5:$BB$5,1),""),IFERROR(AVERAGEIFS(점수_응답자!$E$144:$BB$144,점수_응답자!$E$4:$BB$4,$C$4,점수_응답자!$E$5:$BB$5,1),"")) | F29: =IF(E29="","",E29/D29) | G29: =IFERROR(INDEX(벤치마크!$E$6:$E$61,MATCH($C$5&"|"&$C$8&"|"&"P7",벤치마크!$A$6:$A$61,0)),"") | H29: =IF(G29="","",G29*D29) | I29: =IF(OR(E29="",H29=""),"",E29-H29) | J29: =IF(F29="","",REPT("■",ROUND(F29*10,0))&REPT("□",10-ROUND(F29*10,0))) | K29: =IF(I29="","",IF(I29>=0.5,"강점",IF(I29<=-0.5,"약점","보통"))) | L29: =IF(E29="",-1,D29-E29+ROW()/1000000)
B30: 합계 | D30: =SUM(D23:D29) | E30: =IF(COUNT(E23:E29)=0,"",SUM(E23:E29)) | H30: =SUM(H23:H29)
B31: ※ 노사협의회 미설치·50인 미만·무노조이면 노사협의회 파트를 빼고 100점으로 환산합니다(그 밖의 미설치는 0점).
B33: ■ 중분류(공식 5개 하위부문)
B34: 중분류 | C34: 배점 | D34: 우리 점수 | E34: 달성률 | F34: 벤치 점수 | G34: 차이(점)
B35: 노사관계분위기 | C35: =SUMIF($C$23:$C$29,B35,$D$23:$D$29) | D35: =IF(COUNTIFS($C$23:$C$29,B35,$E$23:$E$29,">=0")=0,"",SUMIF($C$23:$C$29,B35,$E$23:$E$29)) | E35: =IF(D35="","",D35/C35) | F35: =SUMIF($C$23:$C$29,B35,$H$23:$H$29) | G35: =IF(D35="","",D35-F35)
B36: 노사협력 및 갈등 | C36: =SUMIF($C$23:$C$29,B36,$D$23:$D$29) | D36: =IF(COUNTIFS($C$23:$C$29,B36,$E$23:$E$29,">=0")=0,"",SUMIF($C$23:$C$29,B36,$E$23:$E$29)) | E36: =IF(D36="","",D36/C36) | F36: =SUMIF($C$23:$C$29,B36,$H$23:$H$29) | G36: =IF(D36="","",D36-F36)
B37: 정보공유와 의사소통 | C37: =SUMIF($C$23:$C$29,B37,$D$23:$D$29) | D37: =IF(COUNTIFS($C$23:$C$29,B37,$E$23:$E$29,">=0")=0,"",SUMIF($C$23:$C$29,B37,$E$23:$E$29)) | E37: =IF(D37="","",D37/C37) | F37: =SUMIF($C$23:$C$29,B37,$H$23:$H$29) | G37: =IF(D37="","",D37-F37)
B38: 고충처리 | C38: =SUMIF($C$23:$C$29,B38,$D$23:$D$29) | D38: =IF(COUNTIFS($C$23:$C$29,B38,$E$23:$E$29,">=0")=0,"",SUMIF($C$23:$C$29,B38,$E$23:$E$29)) | E38: =IF(D38="","",D38/C38) | F38: =SUMIF($C$23:$C$29,B38,$H$23:$H$29) | G38: =IF(D38="","",D38-F38)
B39: 노사협의회 | C39: =SUMIF($C$23:$C$29,B39,$D$23:$D$29) | D39: =IF(COUNTIFS($C$23:$C$29,B39,$E$23:$E$29,">=0")=0,"",SUMIF($C$23:$C$29,B39,$E$23:$E$29)) | E39: =IF(D39="","",D39/C39) | F39: =SUMIF($C$23:$C$29,B39,$H$23:$H$29) | G39: =IF(D39="","",D39-F39)
B41: ■ 우선 개선과제 TOP 3 — ‘잃은 점수’(배점−우리 점수)가 큰 순
B42: 순위 | C42: 파트 | D42: 잃은 점수 | E42: 벤치 대비 | F42: 처방
B43: 1 | C43: =IF(LARGE($L$23:$L$29,1)<0,"",INDEX($B$23:$B$29,MATCH(LARGE($L$23:$L$29,1),$L$23:$L$29,0))) | D43: =IF(C43="","",INDEX($D$23:$D$29,MATCH(LARGE($L$23:$L$29,1),$L$23:$L$29,0))-INDEX($E$23:$E$29,MATCH(LARGE($L$23:$L$29,1),$L$23:$L$29,0))) | E43: =IF(C43="","",INDEX($I$23:$I$29,MATCH(LARGE($L$23:$L$29,1),$L$23:$L$29,0))) | F43: =IF(C43="","",INDEX(벤치마크!$B$320:$B$326,MATCH(LEFT(C43,2),벤치마크!$A$320:$A$326,0)))
B44: 2 | C44: =IF(LARGE($L$23:$L$29,2)<0,"",INDEX($B$23:$B$29,MATCH(LARGE($L$23:$L$29,2),$L$23:$L$29,0))) | D44: =IF(C44="","",INDEX($D$23:$D$29,MATCH(LARGE($L$23:$L$29,2),$L$23:$L$29,0))-INDEX($E$23:$E$29,MATCH(LARGE($L$23:$L$29,2),$L$23:$L$29,0))) | E44: =IF(C44="","",INDEX($I$23:$I$29,MATCH(LARGE($L$23:$L$29,2),$L$23:$L$29,0))) | F44: =IF(C44="","",INDEX(벤치마크!$B$320:$B$326,MATCH(LEFT(C44,2),벤치마크!$A$320:$A$326,0)))
B45: 3 | C45: =IF(LARGE($L$23:$L$29,3)<0,"",INDEX($B$23:$B$29,MATCH(LARGE($L$23:$L$29,3),$L$23:$L$29,0))) | D45: =IF(C45="","",INDEX($D$23:$D$29,MATCH(LARGE($L$23:$L$29,3),$L$23:$L$29,0))-INDEX($E$23:$E$29,MATCH(LARGE($L$23:$L$29,3),$L$23:$L$29,0))) | E45: =IF(C45="","",INDEX($I$23:$I$29,MATCH(LARGE($L$23:$L$29,3),$L$23:$L$29,0))) | F45: =IF(C45="","",INDEX(벤치마크!$B$320:$B$326,MATCH(LEFT(C45,2),벤치마크!$A$320:$A$326,0)))
B47: ■ 같은 조건 사업장과 비교(공식 공표 총점)
B48: 비교 대상 | C48: 공표 총점 | D48: 우리 점수 | E48: 차이
B49: ="전체 평균" | C49: =IFERROR(INDEX(벤치마크!$E$65:$E$160,MATCH($C$5&"|"&$C$8&"|"&"전체",벤치마크!$A$65:$A$160,0)),"") | D49: =C13 | E49: =IF(OR(C49="",D49=""),"",D49-C49)
B50: ="규모: "&설문!$C$6 | C50: =IFERROR(INDEX(벤치마크!$E$65:$E$160,MATCH($C$5&"|"&$C$8&"|"&설문!$C$6,벤치마크!$A$65:$A$160,0)),"") | D50: =C13 | E50: =IF(OR(C50="",D50=""),"",D50-C50)
B51: ="업종: "&설문!$C$5 | C51: =IFERROR(INDEX(벤치마크!$E$65:$E$160,MATCH($C$5&"|"&$C$8&"|"&설문!$C$5,벤치마크!$A$65:$A$160,0)),"") | D51: =C13 | E51: =IF(OR(C51="",D51=""),"",D51-C51)
B52: ="노조 "&설문!$C$7 | C52: =IFERROR(INDEX(벤치마크!$E$65:$E$160,MATCH($C$5&"|"&$C$8&"|"&"노조 "&설문!$C$7,벤치마크!$A$65:$A$160,0)),"") | D52: =C13 | E52: =IF(OR(C52="",D52=""),"",D52-C52)
B53: ※ 공표 총점은 기본 배점 기준입니다. 가중치를 바꿨다면 위 ‘벤치마크(배점 반영)’을 보세요. 2025 수혜 표는 일부 세부값 정합성 이슈가 있어 참고용입니다.
B55: ■ 문항별 강·약점(우리 평균 vs 공표 평균) — 2023·2025는 문16·17·18만 공개되어 나머지는 2024 평균 사용
B56: 문항ID | C56: 문항 | D56: 우리 평균 | E56: 벤치마크 | F56: 차이 | G56: 기준연도 | H56: 판정
B57: Q16_1 | C57: 노사의 이해관계가 크게 다르지 않아 협조가 잘 이루어진다 | D57: =IFERROR(AVERAGEIFS(점수_응답자!$E$8:$BB$8,점수_응답자!$E$4:$BB$4,$C$4,점수_응답자!$E$5:$BB$5,1),"") | E57: =IFERROR(INDEX(벤치마크!$E$164:$E$317,MATCH($C$9&"|"&$C$8&"|"&"Q16_1",벤치마크!$A$164:$A$317,0)),IFERROR(INDEX(벤치마크!$E$164:$E$317,MATCH("2024|"&$C$8&"|"&"Q16_1",벤치마크!$A$164:$A$317,0)),"")) | F57: =IF(OR(D57="",E57=""),"",D57-E57) | G57: =IFERROR(MATCH($C$9&"|"&$C$8&"|"&"Q16_1",벤치마크!$A$164:$A$317,0)*0+$C$9,IFERROR(MATCH("2024|"&$C$8&"|"&"Q16_1",벤치마크!$A$164:$A$317,0)*0+2024,"")) | H57: =IF(OR(F57=""),"",IF(F57>=0.3,"강점",IF(F57<=-0.3,"약점","보통")))
B58: Q16_2 | C58: 노사가 서로 상대방의 일에 대해 반대하지 않는다 | D58: =IFERROR(AVERAGEIFS(점수_응답자!$E$9:$BB$9,점수_응답자!$E$4:$BB$4,$C$4,점수_응답자!$E$5:$BB$5,1),"") | E58: =IFERROR(INDEX(벤치마크!$E$164:$E$317,MATCH($C$9&"|"&$C$8&"|"&"Q16_2",벤치마크!$A$164:$A$317,0)),IFERROR(INDEX(벤치마크!$E$164:$E$317,MATCH("2024|"&$C$8&"|"&"Q16_2",벤치마크!$A$164:$A$317,0)),"")) | F58: =IF(OR(D58="",E58=""),"",D58-E58) | G58: =IFERROR(MATCH($C$9&"|"&$C$8&"|"&"Q16_2",벤치마크!$A$164:$A$317,0)*0+$C$9,IFERROR(MATCH("2024|"&$C$8&"|"&"Q16_2",벤치마크!$A$164:$A$317,0)*0+2024,"")) | H58: =IF(OR(F58=""),"",IF(F58>=0.3,"강점",IF(F58<=-0.3,"약점","보통")))
B59: Q16_3 | C59: 노사 모두가 회사를 더욱 일하기 좋은 곳으로 만들려고 노력한다 | D59: =IFERROR(AVERAGEIFS(점수_응답자!$E$10:$BB$10,점수_응답자!$E$4:$BB$4,$C$4,점수_응답자!$E$5:$BB$5,1),"") | E59: =IFERROR(INDEX(벤치마크!$E$164:$E$317,MATCH($C$9&"|"&$C$8&"|"&"Q16_3",벤치마크!$A$164:$A$317,0)),IFERROR(INDEX(벤치마크!$E$164:$E$317,MATCH("2024|"&$C$8&"|"&"Q16_3",벤치마크!$A$164:$A$317,0)),"")) | F59: =IF(OR(D59="",E59=""),"",D59-E59) | G59: =IFERROR(MATCH($C$9&"|"&$C$8&"|"&"Q16_3",벤치마크!$A$164:$A$317,0)*0+$C$9,IFERROR(MATCH("2024|"&$C$8&"|"&"Q16_3",벤치마크!$A$164:$A$317,0)*0+2024,"")) | H59: =IF(OR(F59=""),"",IF(F59>=0.3,"강점",IF(F59<=-0.3,"약점","보통")))
B60: Q16_4 | C60: 그간 노사관계가 협력적이었다 | D60: =IFERROR(AVERAGEIFS(점수_응답자!$E$11:$BB$11,점수_응답자!$E$4:$BB$4,$C$4,점수_응답자!$E$5:$BB$5,1),"") | E60: =IFERROR(INDEX(벤치마크!$E$164:$E$317,MATCH($C$9&"|"&$C$8&"|"&"Q16_4",벤치마크!$A$164:$A$317,0)),IFERROR(INDEX(벤치마크!$E$164:$E$317,MATCH("2024|"&$C$8&"|"&"Q16_4",벤치마크!$A$164:$A$317,0)),"")) | F60: =IF(OR(D60="",E60=""),"",D60-E60) | G60: =IFERROR(MATCH($C$9&"|"&$C$8&"|"&"Q16_4",벤치마크!$A$164:$A$317,0)*0+$C$9,IFERROR(MATCH("2024|"&$C$8&"|"&"Q16_4",벤치마크!$A$164:$A$317,0)*0+2024,"")) | H60: =IF(OR(F60=""),"",IF(F60>=0.3,"강점",IF(F60<=-0.3,"약점","보통")))
B61: Q17_1 | C61: 노사협력선언·노사공동결의대회 — 시행률 | D61: =IFERROR(AVERAGEIFS(점수_응답자!$E$12:$BB$12,점수_응답자!$E$4:$BB$4,$C$4,점수_응답자!$E$5:$BB$5,1),"") | E61: =IFERROR(INDEX(벤치마크!$E$164:$E$317,MATCH($C$9&"|"&$C$8&"|"&"Q17_1",벤치마크!$A$164:$A$317,0)),IFERROR(INDEX(벤치마크!$E$164:$E$317,MATCH("2024|"&$C$8&"|"&"Q17_1",벤치마크!$A$164:$A$317,0)),"")) | F61: =IF(OR(D61="",E61=""),"",D61-E61) | G61: =IFERROR(MATCH($C$9&"|"&$C$8&"|"&"Q17_1",벤치마크!$A$164:$A$317,0)*0+$C$9,IFERROR(MATCH("2024|"&$C$8&"|"&"Q17_1",벤치마크!$A$164:$A$317,0)*0+2024,"")) | H61: =IF(F61="","",IF(F61>=0.15,"강점",IF(F61<=-0.15,"약점","보통")))
B62: Q17_1A | C62: 노사협력선언·노사공동결의대회 — 활성화 정도(시행한 경우만) | D62: =IFERROR(AVERAGEIFS(점수_응답자!$E$13:$BB$13,점수_응답자!$E$4:$BB$4,$C$4,점수_응답자!$E$5:$BB$5,1),"") | E62: =IFERROR(INDEX(벤치마크!$E$164:$E$317,MATCH($C$9&"|"&$C$8&"|"&"Q17_1A",벤치마크!$A$164:$A$317,0)),IFERROR(INDEX(벤치마크!$E$164:$E$317,MATCH("2024|"&$C$8&"|"&"Q17_1A",벤치마크!$A$164:$A$317,0)),"")) | F62: =IF(OR(D62="",E62=""),"",D62-E62) | G62: =IFERROR(MATCH($C$9&"|"&$C$8&"|"&"Q17_1A",벤치마크!$A$164:$A$317,0)*0+$C$9,IFERROR(MATCH("2024|"&$C$8&"|"&"Q17_1A",벤치마크!$A$164:$A$317,0)*0+2024,"")) | H62: =IF(OR(F62=""),"",IF(F62>=0.3,"강점",IF(F62<=-0.3,"약점","보통")))
B63: Q17_2 | C63: 노사공동기구·위원회를 통한 문제해결 — 시행률 | D63: =IFERROR(AVERAGEIFS(점수_응답자!$E$14:$BB$14,점수_응답자!$E$4:$BB$4,$C$4,점수_응답자!$E$5:$BB$5,1),"") | E63: =IFERROR(INDEX(벤치마크!$E$164:$E$317,MATCH($C$9&"|"&$C$8&"|"&"Q17_2",벤치마크!$A$164:$A$317,0)),IFERROR(INDEX(벤치마크!$E$164:$E$317,MATCH("2024|"&$C$8&"|"&"Q17_2",벤치마크!$A$164:$A$317,0)),"")) | F63: =IF(OR(D63="",E63=""),"",D63-E63) | G63: =IFERROR(MATCH($C$9&"|"&$C$8&"|"&"Q17_2",벤치마크!$A$164:$A$317,0)*0+$C$9,IFERROR(MATCH("2024|"&$C$8&"|"&"Q17_2",벤치마크!$A$164:$A$317,0)*0+2024,"")) | H63: =IF(F63="","",IF(F63>=0.15,"강점",IF(F63<=-0.15,"약점","보통")))
B64: Q17_2A | C64: 노사공동기구·위원회를 통한 문제해결 — 활성화 정도(시행한 경우만) | D64: =IFERROR(AVERAGEIFS(점수_응답자!$E$15:$BB$15,점수_응답자!$E$4:$BB$4,$C$4,점수_응답자!$E$5:$BB$5,1),"") | E64: =IFERROR(INDEX(벤치마크!$E$164:$E$317,MATCH($C$9&"|"&$C$8&"|"&"Q17_2A",벤치마크!$A$164:$A$317,0)),IFERROR(INDEX(벤치마크!$E$164:$E$317,MATCH("2024|"&$C$8&"|"&"Q17_2A",벤치마크!$A$164:$A$317,0)),"")) | F64: =IF(OR(D64="",E64=""),"",D64-E64) | G64: =IFERROR(MATCH($C$9&"|"&$C$8&"|"&"Q17_2A",벤치마크!$A$164:$A$317,0)*0+$C$9,IFERROR(MATCH("2024|"&$C$8&"|"&"Q17_2A",벤치마크!$A$164:$A$317,0)*0+2024,"")) | H64: =IF(OR(F64=""),"",IF(F64>=0.3,"강점",IF(F64<=-0.3,"약점","보통")))
B65: Q17_3 | C65: 노사공동교육·워크숍 — 시행률 | D65: =IFERROR(AVERAGEIFS(점수_응답자!$E$16:$BB$16,점수_응답자!$E$4:$BB$4,$C$4,점수_응답자!$E$5:$BB$5,1),"") | E65: =IFERROR(INDEX(벤치마크!$E$164:$E$317,MATCH($C$9&"|"&$C$8&"|"&"Q17_3",벤치마크!$A$164:$A$317,0)),IFERROR(INDEX(벤치마크!$E$164:$E$317,MATCH("2024|"&$C$8&"|"&"Q17_3",벤치마크!$A$164:$A$317,0)),"")) | F65: =IF(OR(D65="",E65=""),"",D65-E65) | G65: =IFERROR(MATCH($C$9&"|"&$C$8&"|"&"Q17_3",벤치마크!$A$164:$A$317,0)*0+$C$9,IFERROR(MATCH("2024|"&$C$8&"|"&"Q17_3",벤치마크!$A$164:$A$317,0)*0+2024,"")) | H65: =IF(F65="","",IF(F65>=0.15,"강점",IF(F65<=-0.15,"약점","보통")))
B66: Q17_3A | C66: 노사공동교육·워크숍 — 활성화 정도(시행한 경우만) | D66: =IFERROR(AVERAGEIFS(점수_응답자!$E$17:$BB$17,점수_응답자!$E$4:$BB$4,$C$4,점수_응답자!$E$5:$BB$5,1),"") | E66: =IFERROR(INDEX(벤치마크!$E$164:$E$317,MATCH($C$9&"|"&$C$8&"|"&"Q17_3A",벤치마크!$A$164:$A$317,0)),IFERROR(INDEX(벤치마크!$E$164:$E$317,MATCH("2024|"&$C$8&"|"&"Q17_3A",벤치마크!$A$164:$A$317,0)),"")) | F66: =IF(OR(D66="",E66=""),"",D66-E66) | G66: =IFERROR(MATCH($C$9&"|"&$C$8&"|"&"Q17_3A",벤치마크!$A$164:$A$317,0)*0+$C$9,IFERROR(MATCH("2024|"&$C$8&"|"&"Q17_3A",벤치마크!$A$164:$A$317,0)*0+2024,"")) | H66: =IF(OR(F66=""),"",IF(F66>=0.3,"강점",IF(F66<=-0.3,"약점","보통")))
B67: Q17_4 | C67: 직원단합대회(체육대회, 등반대회, 야유회 등) — 시행률 | D67: =IFERROR(AVERAGEIFS(점수_응답자!$E$18:$BB$18,점수_응답자!$E$4:$BB$4,$C$4,점수_응답자!$E$5:$BB$5,1),"") | E67: =IFERROR(INDEX(벤치마크!$E$164:$E$317,MATCH($C$9&"|"&$C$8&"|"&"Q17_4",벤치마크!$A$164:$A$317,0)),IFERROR(INDEX(벤치마크!$E$164:$E$317,MATCH("2024|"&$C$8&"|"&"Q17_4",벤치마크!$A$164:$A$317,0)),"")) | F67: =IF(OR(D67="",E67=""),"",D67-E67) | G67: =IFERROR(MATCH($C$9&"|"&$C$8&"|"&"Q17_4",벤치마크!$A$164:$A$317,0)*0+$C$9,IFERROR(MATCH("2024|"&$C$8&"|"&"Q17_4",벤치마크!$A$164:$A$317,0)*0+2024,"")) | H67: =IF(F67="","",IF(F67>=0.15,"강점",IF(F67<=-0.15,"약점","보통")))
B68: Q17_4A | C68: 직원단합대회(체육대회, 등반대회, 야유회 등) — 활성화 정도(시행한 경우만) | D68: =IFERROR(AVERAGEIFS(점수_응답자!$E$19:$BB$19,점수_응답자!$E$4:$BB$4,$C$4,점수_응답자!$E$5:$BB$5,1),"") | E68: =IFERROR(INDEX(벤치마크!$E$164:$E$317,MATCH($C$9&"|"&$C$8&"|"&"Q17_4A",벤치마크!$A$164:$A$317,0)),IFERROR(INDEX(벤치마크!$E$164:$E$317,MATCH("2024|"&$C$8&"|"&"Q17_4A",벤치마크!$A$164:$A$317,0)),"")) | F68: =IF(OR(D68="",E68=""),"",D68-E68) | G68: =IFERROR(MATCH($C$9&"|"&$C$8&"|"&"Q17_4A",벤치마크!$A$164:$A$317,0)*0+$C$9,IFERROR(MATCH("2024|"&$C$8&"|"&"Q17_4A",벤치마크!$A$164:$A$317,0)*0+2024,"")) | H68: =IF(OR(F68=""),"",IF(F68>=0.3,"강점",IF(F68<=-0.3,"약점","보통")))
B69: Q17_5 | C69: 노사공동 사회봉사(일사일촌 등) — 시행률 | D69: =IFERROR(AVERAGEIFS(점수_응답자!$E$20:$BB$20,점수_응답자!$E$4:$BB$4,$C$4,점수_응답자!$E$5:$BB$5,1),"") | E69: =IFERROR(INDEX(벤치마크!$E$164:$E$317,MATCH($C$9&"|"&$C$8&"|"&"Q17_5",벤치마크!$A$164:$A$317,0)),IFERROR(INDEX(벤치마크!$E$164:$E$317,MATCH("2024|"&$C$8&"|"&"Q17_5",벤치마크!$A$164:$A$317,0)),"")) | F69: =IF(OR(D69="",E69=""),"",D69-E69) | G69: =IFERROR(MATCH($C$9&"|"&$C$8&"|"&"Q17_5",벤치마크!$A$164:$A$317,0)*0+$C$9,IFERROR(MATCH("2024|"&$C$8&"|"&"Q17_5",벤치마크!$A$164:$A$317,0)*0+2024,"")) | H69: =IF(F69="","",IF(F69>=0.15,"강점",IF(F69<=-0.15,"약점","보통")))
B70: Q17_5A | C70: 노사공동 사회봉사(일사일촌 등) — 활성화 정도(시행한 경우만) | D70: =IFERROR(AVERAGEIFS(점수_응답자!$E$21:$BB$21,점수_응답자!$E$4:$BB$4,$C$4,점수_응답자!$E$5:$BB$5,1),"") | E70: =IFERROR(INDEX(벤치마크!$E$164:$E$317,MATCH($C$9&"|"&$C$8&"|"&"Q17_5A",벤치마크!$A$164:$A$317,0)),IFERROR(INDEX(벤치마크!$E$164:$E$317,MATCH("2024|"&$C$8&"|"&"Q17_5A",벤치마크!$A$164:$A$317,0)),"")) | F70: =IF(OR(D70="",E70=""),"",D70-E70) | G70: =IFERROR(MATCH($C$9&"|"&$C$8&"|"&"Q17_5A",벤치마크!$A$164:$A$317,0)*0+$C$9,IFERROR(MATCH("2024|"&$C$8&"|"&"Q17_5A",벤치마크!$A$164:$A$317,0)*0+2024,"")) | H70: =IF(OR(F70=""),"",IF(F70>=0.3,"강점",IF(F70<=-0.3,"약점","보통")))
B71: Q18_1 | C71: 파업(부분파업 포함) 발생 — 발생률 | D71: =IFERROR(AVERAGEIFS(점수_응답자!$E$22:$BB$22,점수_응답자!$E$4:$BB$4,$C$4,점수_응답자!$E$5:$BB$5,1),"") | E71: =IFERROR(INDEX(벤치마크!$E$164:$E$317,MATCH($C$9&"|"&$C$8&"|"&"Q18_1",벤치마크!$A$164:$A$317,0)),IFERROR(INDEX(벤치마크!$E$164:$E$317,MATCH("2024|"&$C$8&"|"&"Q18_1",벤치마크!$A$164:$A$317,0)),"")) | F71: =IF(OR(D71="",E71=""),"",D71-E71) | G71: =IFERROR(MATCH($C$9&"|"&$C$8&"|"&"Q18_1",벤치마크!$A$164:$A$317,0)*0+$C$9,IFERROR(MATCH("2024|"&$C$8&"|"&"Q18_1",벤치마크!$A$164:$A$317,0)*0+2024,"")) | H71: =IF(D71="","",IF(D71>0,"발생(주의)","미발생"))
B72: Q18_2 | C72: 노사문제로 인한 경제적 손실 발생 — 발생률 | D72: =IFERROR(AVERAGEIFS(점수_응답자!$E$23:$BB$23,점수_응답자!$E$4:$BB$4,$C$4,점수_응답자!$E$5:$BB$5,1),"") | E72: =IFERROR(INDEX(벤치마크!$E$164:$E$317,MATCH($C$9&"|"&$C$8&"|"&"Q18_2",벤치마크!$A$164:$A$317,0)),IFERROR(INDEX(벤치마크!$E$164:$E$317,MATCH("2024|"&$C$8&"|"&"Q18_2",벤치마크!$A$164:$A$317,0)),"")) | F72: =IF(OR(D72="",E72=""),"",D72-E72) | G72: =IFERROR(MATCH($C$9&"|"&$C$8&"|"&"Q18_2",벤치마크!$A$164:$A$317,0)*0+$C$9,IFERROR(MATCH("2024|"&$C$8&"|"&"Q18_2",벤치마크!$A$164:$A$317,0)*0+2024,"")) | H72: =IF(D72="","",IF(D72>0,"발생(주의)","미발생"))
B73: Q18_3 | C73: 노사문제로 인한 고소·고발 발생 — 발생률 | D73: =IFERROR(AVERAGEIFS(점수_응답자!$E$24:$BB$24,점수_응답자!$E$4:$BB$4,$C$4,점수_응답자!$E$5:$BB$5,1),"") | E73: =IFERROR(INDEX(벤치마크!$E$164:$E$317,MATCH($C$9&"|"&$C$8&"|"&"Q18_3",벤치마크!$A$164:$A$317,0)),IFERROR(INDEX(벤치마크!$E$164:$E$317,MATCH("2024|"&$C$8&"|"&"Q18_3",벤치마크!$A$164:$A$317,0)),"")) | F73: =IF(OR(D73="",E73=""),"",D73-E73) | G73: =IFERROR(MATCH($C$9&"|"&$C$8&"|"&"Q18_3",벤치마크!$A$164:$A$317,0)*0+$C$9,IFERROR(MATCH("2024|"&$C$8&"|"&"Q18_3",벤치마크!$A$164:$A$317,0)*0+2024,"")) | H73: =IF(D73="","",IF(D73>0,"발생(주의)","미발생"))
B74: Q18_4 | C74: 노사문제로 인한 해고자 발생 — 발생률 | D74: =IFERROR(AVERAGEIFS(점수_응답자!$E$25:$BB$25,점수_응답자!$E$4:$BB$4,$C$4,점수_응답자!$E$5:$BB$5,1),"") | E74: =IFERROR(INDEX(벤치마크!$E$164:$E$317,MATCH($C$9&"|"&$C$8&"|"&"Q18_4",벤치마크!$A$164:$A$317,0)),IFERROR(INDEX(벤치마크!$E$164:$E$317,MATCH("2024|"&$C$8&"|"&"Q18_4",벤치마크!$A$164:$A$317,0)),"")) | F74: =IF(OR(D74="",E74=""),"",D74-E74) | G74: =IFERROR(MATCH($C$9&"|"&$C$8&"|"&"Q18_4",벤치마크!$A$164:$A$317,0)*0+$C$9,IFERROR(MATCH("2024|"&$C$8&"|"&"Q18_4",벤치마크!$A$164:$A$317,0)*0+2024,"")) | H74: =IF(D74="","",IF(D74>0,"발생(주의)","미발생"))
B75: Q19_1 | C75: 근로자의 고충을 전달할 공식적인 통로를 충분히 제공하고 있다 | D75: =IFERROR(AVERAGEIFS(점수_응답자!$E$26:$BB$26,점수_응답자!$E$4:$BB$4,$C$4,점수_응답자!$E$5:$BB$5,1),"") | E75: =IFERROR(INDEX(벤치마크!$E$164:$E$317,MATCH($C$9&"|"&$C$8&"|"&"Q19_1",벤치마크!$A$164:$A$317,0)),IFERROR(INDEX(벤치마크!$E$164:$E$317,MATCH("2024|"&$C$8&"|"&"Q19_1",벤치마크!$A$164:$A$317,0)),"")) | F75: =IF(OR(D75="",E75=""),"",D75-E75) | G75: =IFERROR(MATCH($C$9&"|"&$C$8&"|"&"Q19_1",벤치마크!$A$164:$A$317,0)*0+$C$9,IFERROR(MATCH("2024|"&$C$8&"|"&"Q19_1",벤치마크!$A$164:$A$317,0)*0+2024,"")) | H75: =IF(OR(F75=""),"",IF(F75>=0.3,"강점",IF(F75<=-0.3,"약점","보통")))
B76: Q19_2 | C76: 고충 제기 후 처리과정에서 노사 간 의사소통이 수시로 이루어진다 | D76: =IFERROR(AVERAGEIFS(점수_응답자!$E$27:$BB$27,점수_응답자!$E$4:$BB$4,$C$4,점수_응답자!$E$5:$BB$5,1),"") | E76: =IFERROR(INDEX(벤치마크!$E$164:$E$317,MATCH($C$9&"|"&$C$8&"|"&"Q19_2",벤치마크!$A$164:$A$317,0)),IFERROR(INDEX(벤치마크!$E$164:$E$317,MATCH("2024|"&$C$8&"|"&"Q19_2",벤치마크!$A$164:$A$317,0)),"")) | F76: =IF(OR(D76="",E76=""),"",D76-E76) | G76: =IFERROR(MATCH($C$9&"|"&$C$8&"|"&"Q19_2",벤치마크!$A$164:$A$317,0)*0+$C$9,IFERROR(MATCH("2024|"&$C$8&"|"&"Q19_2",벤치마크!$A$164:$A$317,0)*0+2024,"")) | H76: =IF(OR(F76=""),"",IF(F76>=0.3,"강점",IF(F76<=-0.3,"약점","보통")))
B77: Q19_3 | C77: 근로자의 고충을 효과적으로 처리한다 | D77: =IFERROR(AVERAGEIFS(점수_응답자!$E$28:$BB$28,점수_응답자!$E$4:$BB$4,$C$4,점수_응답자!$E$5:$BB$5,1),"") | E77: =IFERROR(INDEX(벤치마크!$E$164:$E$317,MATCH($C$9&"|"&$C$8&"|"&"Q19_3",벤치마크!$A$164:$A$317,0)),IFERROR(INDEX(벤치마크!$E$164:$E$317,MATCH("2024|"&$C$8&"|"&"Q19_3",벤치마크!$A$164:$A$317,0)),"")) | F77: =IF(OR(D77="",E77=""),"",D77-E77) | G77: =IFERROR(MATCH($C$9&"|"&$C$8&"|"&"Q19_3",벤치마크!$A$164:$A$317,0)*0+$C$9,IFERROR(MATCH("2024|"&$C$8&"|"&"Q19_3",벤치마크!$A$164:$A$317,0)*0+2024,"")) | H77: =IF(OR(F77=""),"",IF(F77>=0.3,"강점",IF(F77<=-0.3,"약점","보통")))
B78: Q19_4 | C78: 고충처리에 대해 근로자들은 만족하고 있다 | D78: =IFERROR(AVERAGEIFS(점수_응답자!$E$29:$BB$29,점수_응답자!$E$4:$BB$4,$C$4,점수_응답자!$E$5:$BB$5,1),"") | E78: =IFERROR(INDEX(벤치마크!$E$164:$E$317,MATCH($C$9&"|"&$C$8&"|"&"Q19_4",벤치마크!$A$164:$A$317,0)),IFERROR(INDEX(벤치마크!$E$164:$E$317,MATCH("2024|"&$C$8&"|"&"Q19_4",벤치마크!$A$164:$A$317,0)),"")) | F78: =IF(OR(D78="",E78=""),"",D78-E78) | G78: =IFERROR(MATCH($C$9&"|"&$C$8&"|"&"Q19_4",벤치마크!$A$164:$A$317,0)*0+$C$9,IFERROR(MATCH("2024|"&$C$8&"|"&"Q19_4",벤치마크!$A$164:$A$317,0)*0+2024,"")) | H78: =IF(OR(F78=""),"",IF(F78>=0.3,"강점",IF(F78<=-0.3,"약점","보통")))
B79: Q21_1 | C79: 노사 간에는 공식·비공식의 의사소통 통로가 다양하게 존재한다 | D79: =IFERROR(AVERAGEIFS(점수_응답자!$E$31:$BB$31,점수_응답자!$E$4:$BB$4,$C$4,점수_응답자!$E$5:$BB$5,1),"") | E79: =IFERROR(INDEX(벤치마크!$E$164:$E$317,MATCH($C$9&"|"&$C$8&"|"&"Q21_1",벤치마크!$A$164:$A$317,0)),IFERROR(INDEX(벤치마크!$E$164:$E$317,MATCH("2024|"&$C$8&"|"&"Q21_1",벤치마크!$A$164:$A$317,0)),"")) | F79: =IF(OR(D79="",E79=""),"",D79-E79) | G79: =IFERROR(MATCH($C$9&"|"&$C$8&"|"&"Q21_1",벤치마크!$A$164:$A$317,0)*0+$C$9,IFERROR(MATCH("2024|"&$C$8&"|"&"Q21_1",벤치마크!$A$164:$A$317,0)*0+2024,"")) | H79: =IF(OR(F79=""),"",IF(F79>=0.3,"강점",IF(F79<=-0.3,"약점","보통")))
B80: Q21_2 | C80: 경영진과 근로자와의 정기적인 간담회가 잘 이루어진다 | D80: =IFERROR(AVERAGEIFS(점수_응답자!$E$32:$BB$32,점수_응답자!$E$4:$BB$4,$C$4,점수_응답자!$E$5:$BB$5,1),"") | E80: =IFERROR(INDEX(벤치마크!$E$164:$E$317,MATCH($C$9&"|"&$C$8&"|"&"Q21_2",벤치마크!$A$164:$A$317,0)),IFERROR(INDEX(벤치마크!$E$164:$E$317,MATCH("2024|"&$C$8&"|"&"Q21_2",벤치마크!$A$164:$A$317,0)),"")) | F80: =IF(OR(D80="",E80=""),"",D80-E80) | G80: =IFERROR(MATCH($C$9&"|"&$C$8&"|"&"Q21_2",벤치마크!$A$164:$A$317,0)*0+$C$9,IFERROR(MATCH("2024|"&$C$8&"|"&"Q21_2",벤치마크!$A$164:$A$317,0)*0+2024,"")) | H80: =IF(OR(F80=""),"",IF(F80>=0.3,"강점",IF(F80<=-0.3,"약점","보통")))
B81: Q21_3 | C81: 필요시 노사대표 간 핫라인이 잘 작동된다 | D81: =IFERROR(AVERAGEIFS(점수_응답자!$E$33:$BB$33,점수_응답자!$E$4:$BB$4,$C$4,점수_응답자!$E$5:$BB$5,1),"") | E81: =IFERROR(INDEX(벤치마크!$E$164:$E$317,MATCH($C$9&"|"&$C$8&"|"&"Q21_3",벤치마크!$A$164:$A$317,0)),IFERROR(INDEX(벤치마크!$E$164:$E$317,MATCH("2024|"&$C$8&"|"&"Q21_3",벤치마크!$A$164:$A$317,0)),"")) | F81: =IF(OR(D81="",E81=""),"",D81-E81) | G81: =IFERROR(MATCH($C$9&"|"&$C$8&"|"&"Q21_3",벤치마크!$A$164:$A$317,0)*0+$C$9,IFERROR(MATCH("2024|"&$C$8&"|"&"Q21_3",벤치마크!$A$164:$A$317,0)*0+2024,"")) | H81: =IF(OR(F81=""),"",IF(F81>=0.3,"강점",IF(F81<=-0.3,"약점","보통")))
B82: Q21_4 | C82: 근로자들의 일상적인 문제들이 노사 간 의사소통을 통해서 잘 해결되고 있다 | D82: =IFERROR(AVERAGEIFS(점수_응답자!$E$34:$BB$34,점수_응답자!$E$4:$BB$4,$C$4,점수_응답자!$E$5:$BB$5,1),"") | E82: =IFERROR(INDEX(벤치마크!$E$164:$E$317,MATCH($C$9&"|"&$C$8&"|"&"Q21_4",벤치마크!$A$164:$A$317,0)),IFERROR(INDEX(벤치마크!$E$164:$E$317,MATCH("2024|"&$C$8&"|"&"Q21_4",벤치마크!$A$164:$A$317,0)),"")) | F82: =IF(OR(D82="",E82=""),"",D82-E82) | G82: =IFERROR(MATCH($C$9&"|"&$C$8&"|"&"Q21_4",벤치마크!$A$164:$A$317,0)*0+$C$9,IFERROR(MATCH("2024|"&$C$8&"|"&"Q21_4",벤치마크!$A$164:$A$317,0)*0+2024,"")) | H82: =IF(OR(F82=""),"",IF(F82>=0.3,"강점",IF(F82<=-0.3,"약점","보통")))
B83: Q21_5 | C83: 개별 직원들이 최고책임자나 경영진에게 자신의 의견을 말할 수 있는 기회가 많다 | D83: =IFERROR(AVERAGEIFS(점수_응답자!$E$35:$BB$35,점수_응답자!$E$4:$BB$4,$C$4,점수_응답자!$E$5:$BB$5,1),"") | E83: =IFERROR(INDEX(벤치마크!$E$164:$E$317,MATCH($C$9&"|"&$C$8&"|"&"Q21_5",벤치마크!$A$164:$A$317,0)),IFERROR(INDEX(벤치마크!$E$164:$E$317,MATCH("2024|"&$C$8&"|"&"Q21_5",벤치마크!$A$164:$A$317,0)),"")) | F83: =IF(OR(D83="",E83=""),"",D83-E83) | G83: =IFERROR(MATCH($C$9&"|"&$C$8&"|"&"Q21_5",벤치마크!$A$164:$A$317,0)*0+$C$9,IFERROR(MATCH("2024|"&$C$8&"|"&"Q21_5",벤치마크!$A$164:$A$317,0)*0+2024,"")) | H83: =IF(OR(F83=""),"",IF(F83>=0.3,"강점",IF(F83<=-0.3,"약점","보통")))
B84: Q22_1 | C84: 근로자들은 회사의 비전과 목표가 무엇인지 알고 있다 | D84: =IFERROR(AVERAGEIFS(점수_응답자!$E$36:$BB$36,점수_응답자!$E$4:$BB$4,$C$4,점수_응답자!$E$5:$BB$5,1),"") | E84: =IFERROR(INDEX(벤치마크!$E$164:$E$317,MATCH($C$9&"|"&$C$8&"|"&"Q22_1",벤치마크!$A$164:$A$317,0)),IFERROR(INDEX(벤치마크!$E$164:$E$317,MATCH("2024|"&$C$8&"|"&"Q22_1",벤치마크!$A$164:$A$317,0)),"")) | F84: =IF(OR(D84="",E84=""),"",D84-E84) | G84: =IFERROR(MATCH($C$9&"|"&$C$8&"|"&"Q22_1",벤치마크!$A$164:$A$317,0)*0+$C$9,IFERROR(MATCH("2024|"&$C$8&"|"&"Q22_1",벤치마크!$A$164:$A$317,0)*0+2024,"")) | H84: =IF(OR(F84=""),"",IF(F84>=0.3,"강점",IF(F84<=-0.3,"약점","보통")))
B85: Q22_2 | C85: 근로자들은 회사의 각종 경영현황을 이해하고 있다 | D85: =IFERROR(AVERAGEIFS(점수_응답자!$E$37:$BB$37,점수_응답자!$E$4:$BB$4,$C$4,점수_응답자!$E$5:$BB$5,1),"") | E85: =IFERROR(INDEX(벤치마크!$E$164:$E$317,MATCH($C$9&"|"&$C$8&"|"&"Q22_2",벤치마크!$A$164:$A$317,0)),IFERROR(INDEX(벤치마크!$E$164:$E$317,MATCH("2024|"&$C$8&"|"&"Q22_2",벤치마크!$A$164:$A$317,0)),"")) | F85: =IF(OR(D85="",E85=""),"",D85-E85) | G85: =IFERROR(MATCH($C$9&"|"&$C$8&"|"&"Q22_2",벤치마크!$A$164:$A$317,0)*0+$C$9,IFERROR(MATCH("2024|"&$C$8&"|"&"Q22_2",벤치마크!$A$164:$A$317,0)*0+2024,"")) | H85: =IF(OR(F85=""),"",IF(F85>=0.3,"강점",IF(F85<=-0.3,"약점","보통")))
B86: Q22_3 | C86: 회사는 각종 경영정보를 근로자와 공유하고 있다 | D86: =IFERROR(AVERAGEIFS(점수_응답자!$E$38:$BB$38,점수_응답자!$E$4:$BB$4,$C$4,점수_응답자!$E$5:$BB$5,1),"") | E86: =IFERROR(INDEX(벤치마크!$E$164:$E$317,MATCH($C$9&"|"&$C$8&"|"&"Q22_3",벤치마크!$A$164:$A$317,0)),IFERROR(INDEX(벤치마크!$E$164:$E$317,MATCH("2024|"&$C$8&"|"&"Q22_3",벤치마크!$A$164:$A$317,0)),"")) | F86: =IF(OR(D86="",E86=""),"",D86-E86) | G86: =IFERROR(MATCH($C$9&"|"&$C$8&"|"&"Q22_3",벤치마크!$A$164:$A$317,0)*0+$C$9,IFERROR(MATCH("2024|"&$C$8&"|"&"Q22_3",벤치마크!$A$164:$A$317,0)*0+2024,"")) | H86: =IF(OR(F86=""),"",IF(F86>=0.3,"강점",IF(F86<=-0.3,"약점","보통")))
B87: Q22_4 | C87: 근로자는 회사가 제공하는 경영정보를 신뢰한다 | D87: =IFERROR(AVERAGEIFS(점수_응답자!$E$39:$BB$39,점수_응답자!$E$4:$BB$4,$C$4,점수_응답자!$E$5:$BB$5,1),"") | E87: =IFERROR(INDEX(벤치마크!$E$164:$E$317,MATCH($C$9&"|"&$C$8&"|"&"Q22_4",벤치마크!$A$164:$A$317,0)),IFERROR(INDEX(벤치마크!$E$164:$E$317,MATCH("2024|"&$C$8&"|"&"Q22_4",벤치마크!$A$164:$A$317,0)),"")) | F87: =IF(OR(D87="",E87=""),"",D87-E87) | G87: =IFERROR(MATCH($C$9&"|"&$C$8&"|"&"Q22_4",벤치마크!$A$164:$A$317,0)*0+$C$9,IFERROR(MATCH("2024|"&$C$8&"|"&"Q22_4",벤치마크!$A$164:$A$317,0)*0+2024,"")) | H87: =IF(OR(F87=""),"",IF(F87>=0.3,"강점",IF(F87<=-0.3,"약점","보통")))
B88: Q23_1 | C88: 경영 계획과 실적에 대한 정보공유 창구로 활용된다 | D88: =IFERROR(AVERAGEIFS(점수_응답자!$E$40:$BB$40,점수_응답자!$E$4:$BB$4,$C$4,점수_응답자!$E$5:$BB$5,1),"") | E88: =IFERROR(INDEX(벤치마크!$E$164:$E$317,MATCH($C$9&"|"&$C$8&"|"&"Q23_1",벤치마크!$A$164:$A$317,0)),IFERROR(INDEX(벤치마크!$E$164:$E$317,MATCH("2024|"&$C$8&"|"&"Q23_1",벤치마크!$A$164:$A$317,0)),"")) | F88: =IF(OR(D88="",E88=""),"",D88-E88) | G88: =IFERROR(MATCH($C$9&"|"&$C$8&"|"&"Q23_1",벤치마크!$A$164:$A$317,0)*0+$C$9,IFERROR(MATCH("2024|"&$C$8&"|"&"Q23_1",벤치마크!$A$164:$A$317,0)*0+2024,"")) | H88: =IF(OR(F88=""),"",IF(F88>=0.3,"강점",IF(F88<=-0.3,"약점","보통")))
B89: Q23_2 | C89: 인사노무제도 개선을 위한 논의 창구로 활용된다 | D89: =IFERROR(AVERAGEIFS(점수_응답자!$E$41:$BB$41,점수_응답자!$E$4:$BB$4,$C$4,점수_응답자!$E$5:$BB$5,1),"") | E89: =IFERROR(INDEX(벤치마크!$E$164:$E$317,MATCH($C$9&"|"&$C$8&"|"&"Q23_2",벤치마크!$A$164:$A$317,0)),IFERROR(INDEX(벤치마크!$E$164:$E$317,MATCH("2024|"&$C$8&"|"&"Q23_2",벤치마크!$A$164:$A$317,0)),"")) | F89: =IF(OR(D89="",E89=""),"",D89-E89) | G89: =IFERROR(MATCH($C$9&"|"&$C$8&"|"&"Q23_2",벤치마크!$A$164:$A$317,0)*0+$C$9,IFERROR(MATCH("2024|"&$C$8&"|"&"Q23_2",벤치마크!$A$164:$A$317,0)*0+2024,"")) | H89: =IF(OR(F89=""),"",IF(F89>=0.3,"강점",IF(F89<=-0.3,"약점","보통")))
B90: Q23_3 | C90: 안전보건 및 작업환경 개선을 위한 논의 창구로 활용된다 | D90: =IFERROR(AVERAGEIFS(점수_응답자!$E$42:$BB$42,점수_응답자!$E$4:$BB$4,$C$4,점수_응답자!$E$5:$BB$5,1),"") | E90: =IFERROR(INDEX(벤치마크!$E$164:$E$317,MATCH($C$9&"|"&$C$8&"|"&"Q23_3",벤치마크!$A$164:$A$317,0)),IFERROR(INDEX(벤치마크!$E$164:$E$317,MATCH("2024|"&$C$8&"|"&"Q23_3",벤치마크!$A$164:$A$317,0)),"")) | F90: =IF(OR(D90="",E90=""),"",D90-E90) | G90: =IFERROR(MATCH($C$9&"|"&$C$8&"|"&"Q23_3",벤치마크!$A$164:$A$317,0)*0+$C$9,IFERROR(MATCH("2024|"&$C$8&"|"&"Q23_3",벤치마크!$A$164:$A$317,0)*0+2024,"")) | H90: =IF(OR(F90=""),"",IF(F90>=0.3,"강점",IF(F90<=-0.3,"약점","보통")))
B91: Q23_4 | C91: 근로자 복지개선을 위한 협의 창구로 활용된다 | D91: =IFERROR(AVERAGEIFS(점수_응답자!$E$43:$BB$43,점수_응답자!$E$4:$BB$4,$C$4,점수_응답자!$E$5:$BB$5,1),"") | E91: =IFERROR(INDEX(벤치마크!$E$164:$E$317,MATCH($C$9&"|"&$C$8&"|"&"Q23_4",벤치마크!$A$164:$A$317,0)),IFERROR(INDEX(벤치마크!$E$164:$E$317,MATCH("2024|"&$C$8&"|"&"Q23_4",벤치마크!$A$164:$A$317,0)),"")) | F91: =IF(OR(D91="",E91=""),"",D91-E91) | G91: =IFERROR(MATCH($C$9&"|"&$C$8&"|"&"Q23_4",벤치마크!$A$164:$A$317,0)*0+$C$9,IFERROR(MATCH("2024|"&$C$8&"|"&"Q23_4",벤치마크!$A$164:$A$317,0)*0+2024,"")) | H91: =IF(OR(F91=""),"",IF(F91>=0.3,"강점",IF(F91<=-0.3,"약점","보통")))
B92: Q23_5 | C92: 작업장 내 생산성 향상을 위한 논의 창구로 활용된다 | D92: =IFERROR(AVERAGEIFS(점수_응답자!$E$44:$BB$44,점수_응답자!$E$4:$BB$4,$C$4,점수_응답자!$E$5:$BB$5,1),"") | E92: =IFERROR(INDEX(벤치마크!$E$164:$E$317,MATCH($C$9&"|"&$C$8&"|"&"Q23_5",벤치마크!$A$164:$A$317,0)),IFERROR(INDEX(벤치마크!$E$164:$E$317,MATCH("2024|"&$C$8&"|"&"Q23_5",벤치마크!$A$164:$A$317,0)),"")) | F92: =IF(OR(D92="",E92=""),"",D92-E92) | G92: =IFERROR(MATCH($C$9&"|"&$C$8&"|"&"Q23_5",벤치마크!$A$164:$A$317,0)*0+$C$9,IFERROR(MATCH("2024|"&$C$8&"|"&"Q23_5",벤치마크!$A$164:$A$317,0)*0+2024,"")) | H92: =IF(OR(F92=""),"",IF(F92>=0.3,"강점",IF(F92<=-0.3,"약점","보통")))
B93: Q24_1 | C93: 일터혁신과 관련된 인적자원개발(교육훈련 등) 활동을 지지한다 | D93: =IFERROR(AVERAGEIFS(점수_응답자!$E$45:$BB$45,점수_응답자!$E$4:$BB$4,$C$4,점수_응답자!$E$5:$BB$5,1),"") | E93: =IFERROR(INDEX(벤치마크!$E$164:$E$317,MATCH($C$9&"|"&$C$8&"|"&"Q24_1",벤치마크!$A$164:$A$317,0)),IFERROR(INDEX(벤치마크!$E$164:$E$317,MATCH("2024|"&$C$8&"|"&"Q24_1",벤치마크!$A$164:$A$317,0)),"")) | F93: =IF(OR(D93="",E93=""),"",D93-E93) | G93: =IFERROR(MATCH($C$9&"|"&$C$8&"|"&"Q24_1",벤치마크!$A$164:$A$317,0)*0+$C$9,IFERROR(MATCH("2024|"&$C$8&"|"&"Q24_1",벤치마크!$A$164:$A$317,0)*0+2024,"")) | H93: =IF(OR(F93=""),"",IF(F93>=0.3,"강점",IF(F93<=-0.3,"약점","보통")))
B94: Q24_2 | C94: 일터혁신과 관련하여 고용안정을 위해 노력한다 | D94: =IFERROR(AVERAGEIFS(점수_응답자!$E$46:$BB$46,점수_응답자!$E$4:$BB$4,$C$4,점수_응답자!$E$5:$BB$5,1),"") | E94: =IFERROR(INDEX(벤치마크!$E$164:$E$317,MATCH($C$9&"|"&$C$8&"|"&"Q24_2",벤치마크!$A$164:$A$317,0)),IFERROR(INDEX(벤치마크!$E$164:$E$317,MATCH("2024|"&$C$8&"|"&"Q24_2",벤치마크!$A$164:$A$317,0)),"")) | F94: =IF(OR(D94="",E94=""),"",D94-E94) | G94: =IFERROR(MATCH($C$9&"|"&$C$8&"|"&"Q24_2",벤치마크!$A$164:$A$317,0)*0+$C$9,IFERROR(MATCH("2024|"&$C$8&"|"&"Q24_2",벤치마크!$A$164:$A$317,0)*0+2024,"")) | H94: =IF(OR(F94=""),"",IF(F94>=0.3,"강점",IF(F94<=-0.3,"약점","보통")))
B95: Q24_3 | C95: 일터혁신과 관련된 작업장에서의 직원 참여활동을 지지한다 | D95: =IFERROR(AVERAGEIFS(점수_응답자!$E$47:$BB$47,점수_응답자!$E$4:$BB$4,$C$4,점수_응답자!$E$5:$BB$5,1),"") | E95: =IFERROR(INDEX(벤치마크!$E$164:$E$317,MATCH($C$9&"|"&$C$8&"|"&"Q24_3",벤치마크!$A$164:$A$317,0)),IFERROR(INDEX(벤치마크!$E$164:$E$317,MATCH("2024|"&$C$8&"|"&"Q24_3",벤치마크!$A$164:$A$317,0)),"")) | F95: =IF(OR(D95="",E95=""),"",D95-E95) | G95: =IFERROR(MATCH($C$9&"|"&$C$8&"|"&"Q24_3",벤치마크!$A$164:$A$317,0)*0+$C$9,IFERROR(MATCH("2024|"&$C$8&"|"&"Q24_3",벤치마크!$A$164:$A$317,0)*0+2024,"")) | H95: =IF(OR(F95=""),"",IF(F95>=0.3,"강점",IF(F95<=-0.3,"약점","보통")))
B96: Q24_4 | C96: 일터혁신과 관련된 인적자원관리(보상, 평가 등) 활동을 지지한다 | D96: =IFERROR(AVERAGEIFS(점수_응답자!$E$48:$BB$48,점수_응답자!$E$4:$BB$4,$C$4,점수_응답자!$E$5:$BB$5,1),"") | E96: =IFERROR(INDEX(벤치마크!$E$164:$E$317,MATCH($C$9&"|"&$C$8&"|"&"Q24_4",벤치마크!$A$164:$A$317,0)),IFERROR(INDEX(벤치마크!$E$164:$E$317,MATCH("2024|"&$C$8&"|"&"Q24_4",벤치마크!$A$164:$A$317,0)),"")) | F96: =IF(OR(D96="",E96=""),"",D96-E96) | G96: =IFERROR(MATCH($C$9&"|"&$C$8&"|"&"Q24_4",벤치마크!$A$164:$A$317,0)*0+$C$9,IFERROR(MATCH("2024|"&$C$8&"|"&"Q24_4",벤치마크!$A$164:$A$317,0)*0+2024,"")) | H96: =IF(OR(F96=""),"",IF(F96>=0.3,"강점",IF(F96<=-0.3,"약점","보통")))
B97: Q24_5 | C97: 일터혁신 전반에 대해 지지한다 | D97: =IFERROR(AVERAGEIFS(점수_응답자!$E$49:$BB$49,점수_응답자!$E$4:$BB$4,$C$4,점수_응답자!$E$5:$BB$5,1),"") | E97: =IFERROR(INDEX(벤치마크!$E$164:$E$317,MATCH($C$9&"|"&$C$8&"|"&"Q24_5",벤치마크!$A$164:$A$317,0)),IFERROR(INDEX(벤치마크!$E$164:$E$317,MATCH("2024|"&$C$8&"|"&"Q24_5",벤치마크!$A$164:$A$317,0)),"")) | F97: =IF(OR(D97="",E97=""),"",D97-E97) | G97: =IFERROR(MATCH($C$9&"|"&$C$8&"|"&"Q24_5",벤치마크!$A$164:$A$317,0)*0+$C$9,IFERROR(MATCH("2024|"&$C$8&"|"&"Q24_5",벤치마크!$A$164:$A$317,0)*0+2024,"")) | H97: =IF(OR(F97=""),"",IF(F97>=0.3,"강점",IF(F97<=-0.3,"약점","보통")))
B98: 참고: 지난해 고충 해결 정도(문20) 평균 코드 | C98: =IFERROR(AVERAGEIFS(점수_응답자!$E$30:$BB$30,점수_응답자!$E$4:$BB$4,$C$4,점수_응답자!$E$5:$BB$5,1),"") | D98: 1=30%미만 … 5=90%이상 (점수 미반영)

Sheet 가중치
A1: 문항별 가중치(배점) — 역산 결과
A2: E열=2023~2025 공식 지수에서 역산한 배점(블록 배점 ÷ 문항 수, 블록 안 동일가중 검증). F열(노란 칸)을 바꾸면 결과에 바로 반영. 되돌리려면 E열 값을 F열에 복사.
A4: 문항ID | B4: 중분류 | C4: 소분류(파트) | D4: 문항 | E4: 공식 역산 배점 | F4: 적용 배점 | G4: 근거·신뢰도
A5: Q16_1 | B5: 노사관계분위기 | C5: 노사관계 전반 인식 | D5: 노사의 이해관계가 크게 다르지 않아 협조가 잘 이루어진다 | E5: 2.5 | F5: 2.5 | G5: A 검증: 2023·2024·2025 표준화값을 문항평균으로 재현(14/14 블록)
A6: Q16_2 | B6: 노사관계분위기 | C6: 노사관계 전반 인식 | D6: 노사가 서로 상대방의 일에 대해 반대하지 않는다 | E6: 2.5 | F6: 2.5 | G6: A 검증: 2023·2024·2025 표준화값을 문항평균으로 재현(14/14 블록)
A7: Q16_3 | B7: 노사관계분위기 | C7: 노사관계 전반 인식 | D7: 노사 모두가 회사를 더욱 일하기 좋은 곳으로 만들려고 노력한다 | E7: 2.5 | F7: 2.5 | G7: A 검증: 2023·2024·2025 표준화값을 문항평균으로 재현(14/14 블록)
A8: Q16_4 | B8: 노사관계분위기 | C8: 노사관계 전반 인식 | D8: 그간 노사관계가 협력적이었다 | E8: 2.5 | F8: 2.5 | G8: A 검증: 2023·2024·2025 표준화값을 문항평균으로 재현(14/14 블록)
A9: Q24_1 | B9: 노사관계분위기 | C9: 노조·근로자대표의 혁신 태도 | D9: 일터혁신과 관련된 인적자원개발(교육훈련 등) 활동을 지지한다 | E9: 2 | F9: 2 | G9: A 검증: 2023·2024·2025 표준화값을 문항평균으로 재현(14/14 블록)
A10: Q24_2 | B10: 노사관계분위기 | C10: 노조·근로자대표의 혁신 태도 | D10: 일터혁신과 관련하여 고용안정을 위해 노력한다 | E10: 2 | F10: 2 | G10: A 검증: 2023·2024·2025 표준화값을 문항평균으로 재현(14/14 블록)
A11: Q24_3 | B11: 노사관계분위기 | C11: 노조·근로자대표의 혁신 태도 | D11: 일터혁신과 관련된 작업장에서의 직원 참여활동을 지지한다 | E11: 2 | F11: 2 | G11: A 검증: 2023·2024·2025 표준화값을 문항평균으로 재현(14/14 블록)
A12: Q24_4 | B12: 노사관계분위기 | C12: 노조·근로자대표의 혁신 태도 | D12: 일터혁신과 관련된 인적자원관리(보상, 평가 등) 활동을 지지한다 | E12: 2 | F12: 2 | G12: A 검증: 2023·2024·2025 표준화값을 문항평균으로 재현(14/14 블록)
A13: Q24_5 | B13: 노사관계분위기 | C13: 노조·근로자대표의 혁신 태도 | D13: 일터혁신 전반에 대해 지지한다 | E13: 2 | F13: 2 | G13: A 검증: 2023·2024·2025 표준화값을 문항평균으로 재현(14/14 블록)
A14: Q17_1 | B14: 노사협력 및 갈등 | C14: 노사협력 프로그램 | D14: 노사협력선언·노사공동결의대회 | E14: 2.6 | F14: 2.6 | G14: B/C: 2023식 재현, 2024·2025 공표값 미재현(공개 집계 한계)
A15: Q17_2 | B15: 노사협력 및 갈등 | C15: 노사협력 프로그램 | D15: 노사공동기구·위원회를 통한 문제해결 | E15: 2.6 | F15: 2.6 | G15: B/C: 2023식 재현, 2024·2025 공표값 미재현(공개 집계 한계)
A16: Q17_3 | B16: 노사협력 및 갈등 | C16: 노사협력 프로그램 | D16: 노사공동교육·워크숍 | E16: 2.6 | F16: 2.6 | G16: B/C: 2023식 재현, 2024·2025 공표값 미재현(공개 집계 한계)
... A40: Q23_5 | B40: 노사협의회 | C40: 노사협의회 활용성 | D40: 작업장 내 생산성 향상을 위한 논의 창구로 활용된다 | E40: 3 | F40: 3 | G40: A 검증: 2023·2024·2025 표준화값을 문항평균으로 재현(14/14 블록)
A42: 합계 | E42: =SUM(E5:E40) | F42: =SUM(F5:F40)
A44: 파트 | B44: 중분류 | C44: 소분류 | D44: 문항 수 | E44: 공식 배점 | F44: 적용 배점
A45: P1 | B45: 노사관계분위기 | C45: 노사관계 전반 인식 | D45: 4 | E45: =SUMIF($C$5:$C$40,C45,$E$5:$E$40) | F45: =SUMIF($C$5:$C$40,C45,$F$5:$F$40)
A46: P2 | B46: 노사관계분위기 | C46: 노조·근로자대표의 혁신 태도 | D46: 5 | E46: =SUMIF($C$5:$C$40,C46,$E$5:$E$40) | F46: =SUMIF($C$5:$C$40,C46,$F$5:$F$40)
A47: P3 | B47: 노사협력 및 갈등 | C47: 노사협력 프로그램 | D47: 5 | E47: =SUMIF($C$5:$C$40,C47,$E$5:$E$40) | F47: =SUMIF($C$5:$C$40,C47,$F$5:$F$40)
A48: P4 | B48: 노사협력 및 갈등 | C48: 노사갈등(미발생) | D48: 4 | E48: =SUMIF($C$5:$C$40,C48,$E$5:$E$40) | F48: =SUMIF($C$5:$C$40,C48,$F$5:$F$40)
A49: P5 | B49: 정보공유와 의사소통 | C49: 정보공유·의사소통 | D49: 9 | E49: =SUMIF($C$5:$C$40,C49,$E$5:$E$40) | F49: =SUMIF($C$5:$C$40,C49,$F$5:$F$40)
A50: P6 | B50: 고충처리 | C50: 고충처리 | D50: 4 | E50: =SUMIF($C$5:$C$40,C50,$E$5:$E$40) | F50: =SUMIF($C$5:$C$40,C50,$F$5:$F$40)
A51: P7 | B51: 노사협의회 | C51: 노사협의회 활용성 | D51: 5 | E51: =SUMIF($C$5:$C$40,C51,$E$5:$E$40) | F51: =SUMIF($C$5:$C$40,C51,$F$5:$F$40)

Sheet 벤치마크
A1: 공식 벤치마크 — 노사발전재단 일터혁신 실태조사(사업주·인사노무 담당자 응답)
A2: 2023 표 Ⅴ-8·Ⅴ-10 / 2024 표 Ⅵ-8·Ⅵ-10·Ⅳ-2.1~2.11 / 2025 표 Ⅵ-9·Ⅵ-11·Ⅲ-2.1~2.4. 2024(보정)=갈등 블록만 공표 발생률로 재계산.
A4: ① 파트별 표준화값(0~1)
A5: 키 | B5: 연도 | C5: 집단 | D5: 파트 | E5: 표준화값 | F5: ×공식배점 | G5: 비고
A6: 2023|수혜|P1 | B6: 2023 | C6: 수혜 | D6: P1 | E6: 0.7356 | F6: =E6*10
A7: 2023|수혜|P2 | B7: 2023 | C7: 수혜 | D7: P2 | E7: 0.7334 | F7: =E7*10
A8: 2023|수혜|P3 | B8: 2023 | C8: 수혜 | D8: P3 | E8: 0.3818 | F8: =E8*13
A9: 2023|수혜|P4 | B9: 2023 | C9: 수혜 | D9: P4 | E9: 0.9786 | F9: =E9*12
A10: 2023|수혜|P5 | B10: 2023 | C10: 수혜 | D10: P5 | E10: 0.7334 | F10: =E10*25
A11: 2023|수혜|P6 | B11: 2023 | C11: 수혜 | D11: P6 | E11: 0.7123 | F11: =E11*15
A12: 2023|수혜|P7 | B12: 2023 | C12: 수혜 | D12: P7 | E12: 0.6915 | F12: =E12*15
A13: 2023|일반|P1 | B13: 2023 | C13: 일반 | D13: P1 | E13: 0.701 | F13: =E13*10
A14: 2023|일반|P2 | B14: 2023 | C14: 일반 | D14: P2 | E14: 0.6705 | F14: =E14*10
A15: 2023|일반|P3 | B15: 2023 | C15: 일반 | D15: P3 | E15: 0.3515 | F15: =E15*13
A16: 2023|일반|P4 | B16: 2023 | C16: 일반 | D16: P4 | E16: 0.977 | F16: =E16*12
A17: 2023|일반|P5 | B17: 2023 | C17: 일반 | D17: P5 | E17: 0.6695 | F17: =E17*25
A18: 2023|일반|P6 | B18: 2023 | C18: 일반 | D18: P6 | E18: 0.6905 | F18: =E18*15
A19: 2023|일반|P7 | B19: 2023 | C19: 일반 | D19: P7 | E19: 0.6606 | F19: =E19*15
A20: 2024|수혜|P1 | B20: 2024 | C20: 수혜 | D20: P1 | E20: 0.7455 | F20: =E20*10
A21: 2024|수혜|P2 | B21: 2024 | C21: 수혜 | D21: P2 | E21: 0.7434 | F21: =E21*10
A22: 2024|수혜|P3 | B22: 2024 | C22: 수혜 | D22: P3 | E22: 0.3813 | F22: =E22*13
A23: 2024|수혜|P4 | B23: 2024 | C23: 수혜 | D23: P4 | E23: 0.6619 | F23: =E23*12 | G23: 갈등 0.6619는 공표 발생률(평균 2.1%)과 맞지 않는 이상치
A24: 2024|수혜|P5 | B24: 2024 | C24: 수혜 | D24: P5 | E24: 0.693 | F24: =E24*25
A25: 2024|수혜|P6 | B25: 2024 | C25: 수혜 | D25: P6 | E25: 0.7072 | F25: =E25*15
A26: 2024|수혜|P7 | B26: 2024 | C26: 수혜 | D26: P7 | E26: 0.6903 | F26: =E26*15
A27: 2024|일반|P1 | B27: 2024 | C27: 일반 | D27: P1 | E27: 0.721 | F27: =E27*10
A28: 2024|일반|P2 | B28: 2024 | C28: 일반 | D28: P2 | E28: 0.6862 | F28: =E28*10
A29: 2024|일반|P3 | B29: 2024 | C29: 일반 | D29: P3 | E29: 0.3011 | F29: =E29*13
A30: 2024|일반|P4 | B30: 2024 | C30: 일반 | D30: P4 | E30: 0.5087 | F30: =E30*12 | G30: 갈등 0.5087은 공표 발생률(평균 2.6%)과 맞지 않는 이상치
A31: 2024|일반|P5 | B31: 2024 | C31: 일반 | D31: P5 | E31: 0.6721 | F31: =E31*25
A32: 2024|일반|P6 | B32: 2024 | C32: 일반 | D32: P6 | E32: 0.6973 | F32: =E32*15
A33: 2024|일반|P7 | B33: 2024 | C33: 일반 | D33: P7 | E33: 0.667 | F33: =E33*15
A34: 2025|수혜|P1 | B34: 2025 | C34: 수혜 | D34: P1 | E34: 0.6779 | F34: =E34*10 | G34: 표 Ⅵ-9 수혜 세부값 5개가 2024값과 동일하게 기재(표준화값은 신규)
A35: 2025|수혜|P2 | B35: 2025 | C35: 수혜 | D35: P2 | E35: 0.6887 | F35: =E35*10 | G35: 표 Ⅵ-9 수혜 세부값 5개가 2024값과 동일하게 기재(표준화값은 신규)
A36: 2025|수혜|P3 | B36: 2025 | C36: 수혜 | D36: P3 | E36: 0.3836 | F36: =E36*13 | G36: 표 Ⅵ-9 수혜 세부값 5개가 2024값과 동일하게 기재(표준화값은 신규)
A37: 2025|수혜|P4 | B37: 2025 | C37: 수혜 | D37: P4 | E37: 0.979 | F37: =E37*12 | G37: 표 Ⅵ-9 수혜 세부값 5개가 2024값과 동일하게 기재(표준화값은 신규)
A38: 2025|수혜|P5 | B38: 2025 | C38: 수혜 | D38: P5 | E38: 0.6302 | F38: =E38*25 | G38: 표 Ⅵ-9 수혜 세부값 5개가 2024값과 동일하게 기재(표준화값은 신규)
A39: 2025|수혜|P6 | B39: 2025 | C39: 수혜 | D39: P6 | E39: 0.6788 | F39: =E39*15 | G39: 표 Ⅵ-9 수혜 세부값 5개가 2024값과 동일하게 기재(표준화값은 신규)
A40: 2025|수혜|P7 | B40: 2025 | C40: 수혜 | D40: P7 | E40: 0.628 | F40: =E40*15 | G40: 표 Ⅵ-9 수혜 세부값 5개가 2024값과 동일하게 기재(표준화값은 신규)
A41: 2025|일반|P1 | B41: 2025 | C41: 일반 | D41: P1 | E41: 0.634 | F41: =E41*10
A42: 2025|일반|P2 | B42: 2025 | C42: 일반 | D42: P2 | E42: 0.5918 | F42: =E42*10
A43: 2025|일반|P3 | B43: 2025 | C43: 일반 | D43: P3 | E43: 0.2845 | F43: =E43*13
A44: 2025|일반|P4 | B44: 2025 | C44: 일반 | D44: P4 | E44: 0.9808 | F44: =E44*12
A45: 2025|일반|P5 | B45: 2025 | C45: 일반 | D45: P5 | E45: 0.5866 | F45: =E45*25
A46: 2025|일반|P6 | B46: 2025 | C46: 일반 | D46: P6 | E46: 0.6084 | F46: =E46*15
A47: 2025|일반|P7 | B47: 2025 | C47: 일반 | D47: P7 | E47: 0.5724 | F47: =E47*15
A48: 2024(보정)|수혜|P1 | B48: 2024(보정) | C48: 수혜 | D48: P1 | E48: 0.7455 | F48: =E48*10
A49: 2024(보정)|수혜|P2 | B49: 2024(보정) | C49: 수혜 | D49: P2 | E49: 0.7434 | F49: =E49*10
A50: 2024(보정)|수혜|P3 | B50: 2024(보정) | C50: 수혜 | D50: P3 | E50: 0.3813 | F50: =E50*13
A51: 2024(보정)|수혜|P4 | B51: 2024(보정) | C51: 수혜 | D51: P4 | E51: 0.979 | F51: =E51*12 | G51: 갈등만 1-평균발생률로 대체
A52: 2024(보정)|수혜|P5 | B52: 2024(보정) | C52: 수혜 | D52: P5 | E52: 0.693 | F52: =E52*25
A53: 2024(보정)|수혜|P6 | B53: 2024(보정) | C53: 수혜 | D53: P6 | E53: 0.7072 | F53: =E53*15
A54: 2024(보정)|수혜|P7 | B54: 2024(보정) | C54: 수혜 | D54: P7 | E54: 0.6903 | F54: =E54*15
A55: 2024(보정)|일반|P1 | B55: 2024(보정) | C55: 일반 | D55: P1 | E55: 0.721 | F55: =E55*10
A56: 2024(보정)|일반|P2 | B56: 2024(보정) | C56: 일반 | D56: P2 | E56: 0.6862 | F56: =E56*10
A57: 2024(보정)|일반|P3 | B57: 2024(보정) | C57: 일반 | D57: P3 | E57: 0.3011 | F57: =E57*13
A58: 2024(보정)|일반|P4 | B58: 2024(보정) | C58: 일반 | D58: P4 | E58: 0.9745 | F58: =E58*12 | G58: 갈등만 1-평균발생률로 대체
A59: 2024(보정)|일반|P5 | B59: 2024(보정) | C59: 일반 | D59: P5 | E59: 0.6721 | F59: =E59*25
A60: 2024(보정)|일반|P6 | B60: 2024(보정) | C60: 일반 | D60: P6 | E60: 0.6973 | F60: =E60*15
A61: 2024(보정)|일반|P7 | B61: 2024(보정) | C61: 일반 | D61: P7 | E61: 0.667 | F61: =E61*15
A63: ② 노사관계 영역 공표 총점(100점)
A64: 키 | B64: 연도 | C64: 집단 | D64: 구분 | E64: 총점 | G64: 비고
A65: 2023|수혜|전체 | B65: 2023 | C65: 수혜 | D65: 전체 | E65: 70.79
A66: 2023|수혜|50인 미만 | B66: 2023 | C66: 수혜 | D66: 50인 미만 | E66: 69.58
A67: 2023|수혜|50~100인 미만 | B67: 2023 | C67: 수혜 | D67: 50~100인 미만 | E67: 68.71
A68: 2023|수혜|100~300인 미만 | B68: 2023 | C68: 수혜 | D68: 100~300인 미만 | E68: 70.79
A69: 2023|수혜|300인 이상 | B69: 2023 | C69: 수혜 | D69: 300인 이상 | E69: 72.46
A70: 2023|수혜|제조업 | B70: 2023 | C70: 수혜 | D70: 제조업 | E70: 69.15
A71: 2023|수혜|일반서비스 | B71: 2023 | C71: 수혜 | D71: 일반서비스 | E71: 70.12
A72: 2023|수혜|공공행정서비스 | B72: 2023 | C72: 수혜 | D72: 공공행정서비스 | E72: 74.19
A73: 2023|수혜|금융서비스 | B73: 2023 | C73: 수혜 | D73: 금융서비스 | E73: 71.19 | G73: 표본 10개 미만, 참고만
A74: 2023|수혜|기타서비스 | B74: 2023 | C74: 수혜 | D74: 기타서비스 | E74: 68.53 | G74: 표본 10개 미만, 참고만
A75: 2023|수혜|노조 있음 | B75: 2023 | C75: 수혜 | D75: 노조 있음 | E75: 71.79
A76: 2023|수혜|노조 없음 | B76: 2023 | C76: 수혜 | D76: 노조 없음 | E76: 69.57
A77: 2023|일반|전체 | B77: 2023 | C77: 일반 | D77: 전체 | E77: 67.01
A78: 2023|일반|50인 미만 | B78: 2023 | C78: 일반 | D78: 50인 미만 | E78: 66.51
A79: 2023|일반|50~100인 미만 | B79: 2023 | C79: 일반 | D79: 50~100인 미만 | E79: 67.1
A80: 2023|일반|100~300인 미만 | B80: 2023 | C80: 일반 | D80: 100~300인 미만 | E80: 66.75
A81: 2023|일반|300인 이상 | B81: 2023 | C81: 일반 | D81: 300인 이상 | E81: 69.84
A82: 2023|일반|제조업 | B82: 2023 | C82: 일반 | D82: 제조업 | E82: 65.68
A83: 2023|일반|일반서비스 | B83: 2023 | C83: 일반 | D83: 일반서비스 | E83: 68.42
A84: 2023|일반|공공행정서비스 | B84: 2023 | C84: 일반 | D84: 공공행정서비스 | E84: 73.18
A85: 2023|일반|금융서비스 | B85: 2023 | C85: 일반 | D85: 금융서비스 | E85: 66.07 | G85: 표본 10개 미만, 참고만
A86: 2023|일반|기타서비스 | B86: 2023 | C86: 일반 | D86: 기타서비스 | E86: 69.23 | G86: 표본 10개 미만, 참고만
A87: 2023|일반|노조 있음 | B87: 2023 | C87: 일반 | D87: 노조 있음 | E87: 70.29
A88: 2023|일반|노조 없음 | B88: 2023 | C88: 일반 | D88: 노조 없음 | E88: 66.25
A89: 2024|수혜|전체 | B89: 2024 | C89: 수혜 | D89: 전체 | E89: 66.08
A90: 2024|수혜|50인 미만 | B90: 2024 | C90: 수혜 | D90: 50인 미만 | E90: 64.26
A91: 2024|수혜|50~100인 미만 | B91: 2024 | C91: 수혜 | D91: 50~100인 미만 | E91: 67.17
A92: 2024|수혜|100~300인 미만 | B92: 2024 | C92: 수혜 | D92: 100~300인 미만 | E92: 65.91
A93: 2024|수혜|300인 이상 | B93: 2024 | C93: 수혜 | D93: 300인 이상 | E93: 72.65
A94: 2024|수혜|제조업 | B94: 2024 | C94: 수혜 | D94: 제조업 | E94: 66.04
A95: 2024|수혜|일반서비스 | B95: 2024 | C95: 수혜 | D95: 일반서비스 | E95: 65.21
A96: 2024|수혜|공공행정서비스 | B96: 2024 | C96: 수혜 | D96: 공공행정서비스 | E96: 70.73
A97: 2024|수혜|금융서비스 | B97: 2024 | C97: 수혜 | D97: 금융서비스 | E97: 65.89 | G97: 표본 10개 미만, 참고만
A98: 2024|수혜|기타서비스 | B98: 2024 | C98: 수혜 | D98: 기타서비스 | E98: 55.51 | G98: 표본 10개 미만, 참고만
A99: 2024|수혜|노조 있음 | B99: 2024 | C99: 수혜 | D99: 노조 있음 | E99: 70.72
A100: 2024|수혜|노조 없음 | B100: 2024 | C100: 수혜 | D100: 노조 없음 | E100: 65.48
A101: 2024|일반|전체 | B101: 2024 | C101: 일반 | D101: 전체 | E101: 61.36
A102: 2024|일반|50인 미만 | B102: 2024 | C102: 일반 | D102: 50인 미만 | E102: 58.48
...

Sheet 역산검증
A1: 역산검증 — 공표 문항평균으로 공식 표준화값을 재현(수식이 실시간 계산)
A2: 판정 허용오차: 문항평균은 소수 둘째 자리 반올림(±0.005)이므로 x/5는 ±0.00105, (x−1)/4는 ±0.0013 이내면 ‘일치’.
A4: 연도 | B4: 집단 | C4: 블록 | D4: 평균1 | E4: 평균2 | F4: 평균3 | G4: 평균4 | H4: 평균5 | I4: 평균6 | J4: 평균7 | K4: 평균8 | L4: 평균9 | M4: 블록평균 | N4: x/5 | O4: (x−1)/4 | P4: 공식값 | Q4: x/5 판정 | R4: (x−1)/4 판정
A5: 2023 | B5: 수혜 | C5: Q16 | D5: 3.54 | E5: 3.56 | F5: 3.84 | G5: 3.77 | M5: =AVERAGE(D5:L5) | N5: =M5/5 | O5: =(M5-1)/4 | P5: 0.7356 | Q5: =IF(ABS(N5-P5)<=0.00105,"일치","불일치") | R5: =IF(ABS(O5-P5)<=0.0013,"일치","불일치")
A6: 2023 | B6: 일반 | C6: Q16 | D6: 3.39 | E6: 3.4 | F6: 3.65 | G6: 3.58 | M6: =AVERAGE(D6:L6) | N6: =M6/5 | O6: =(M6-1)/4 | P6: 0.701 | Q6: =IF(ABS(N6-P6)<=0.00105,"일치","불일치") | R6: =IF(ABS(O6-P6)<=0.0013,"일치","불일치")
A7: 2024 | B7: 수혜 | C7: Q16 | D7: 3.57 | E7: 3.58 | F7: 3.93 | G7: 3.83 | M7: =AVERAGE(D7:L7) | N7: =M7/5 | O7: =(M7-1)/4 | P7: 0.7455 | Q7: =IF(ABS(N7-P7)<=0.00105,"일치","불일치") | R7: =IF(ABS(O7-P7)<=0.0013,"일치","불일치")
A8: 2024 | B8: 일반 | C8: Q16 | D8: 3.49 | E8: 3.48 | F8: 3.76 | G8: 3.69 | M8: =AVERAGE(D8:L8) | N8: =M8/5 | O8: =(M8-1)/4 | P8: 0.721 | Q8: =IF(ABS(N8-P8)<=0.00105,"일치","불일치") | R8: =IF(ABS(O8-P8)<=0.0013,"일치","불일치")
A9: 2024 | B9: 수혜 | C9: Q19 | D9: 3.62 | E9: 3.6 | F9: 3.56 | G9: 3.36 | M9: =AVERAGE(D9:L9) | N9: =M9/5 | O9: =(M9-1)/4 | P9: 0.7072 | Q9: =IF(ABS(N9-P9)<=0.00105,"일치","불일치") | R9: =IF(ABS(O9-P9)<=0.0013,"일치","불일치")
A10: 2024 | B10: 일반 | C10: Q19 | D10: 3.55 | E10: 3.54 | F10: 3.48 | G10: 3.38 | M10: =AVERAGE(D10:L10) | N10: =M10/5 | O10: =(M10-1)/4 | P10: 0.6973 | Q10: =IF(ABS(N10-P10)<=0.00105,"일치","불일치") | R10: =IF(ABS(O10-P10)<=0.0013,"일치","불일치")
A11: 2024 | B11: 수혜 | C11: Q21+22 | D11: 3.64 | E11: 3.41 | F11: 3.46 | G11: 3.57 | H11: 3.37 | I11: 3.55 | J11: 3.31 | K11: 3.43 | L11: 3.44 | M11: =AVERAGE(D11:L11) | N11: =M11/5 | O11: =(M11-1)/4 | P11: 0.693 | Q11: =IF(ABS(N11-P11)<=0.00105,"일치","불일치") | R11: =IF(ABS(O11-P11)<=0.0013,"일치","불일치")
A12: 2024 | B12: 일반 | C12: Q21+22 | D12: 3.48 | E12: 3.27 | F12: 3.34 | G12: 3.45 | H12: 3.24 | I12: 3.48 | J12: 3.26 | K12: 3.31 | L12: 3.41 | M12: =AVERAGE(D12:L12) | N12: =M12/5 | O12: =(M12-1)/4 | P12: 0.6721 | Q12: =IF(ABS(N12-P12)<=0.00105,"일치","불일치") | R12: =IF(ABS(O12-P12)<=0.0013,"일치","불일치")
A13: 2024 | B13: 수혜 | C13: Q23 | D13: 3.27 | E13: 3.4 | F13: 3.57 | G13: 3.65 | H13: 3.35 | M13: =AVERAGE(D13:L13) | N13: =M13/5 | O13: =(M13-1)/4 | P13: 0.6903 | Q13: =IF(ABS(N13-P13)<=0.00105,"일치","불일치") | R13: =IF(ABS(O13-P13)<=0.0013,"일치","불일치")
A14: 2024 | B14: 일반 | C14: Q23 | D14: 3.18 | E14: 3.24 | F14: 3.46 | G14: 3.49 | H14: 3.3 | M14: =AVERAGE(D14:L14) | N14: =M14/5 | O14: =(M14-1)/4 | P14: 0.667 | Q14: =IF(ABS(N14-P14)<=0.00105,"일치","불일치") | R14: =IF(ABS(O14-P14)<=0.0013,"일치","불일치")
A15: 2024 | B15: 수혜 | C15: Q24 | D15: 3.7 | E15: 3.79 | F15: 3.72 | G15: 3.65 | H15: 3.73 | M15: =AVERAGE(D15:L15) | N15: =M15/5 | O15: =(M15-1)/4 | P15: 0.7434 | Q15: =IF(ABS(N15-P15)<=0.00105,"일치","불일치") | R15: =IF(ABS(O15-P15)<=0.0013,"일치","불일치")
A16: 2024 | B16: 일반 | C16: Q24 | D16: 3.39 | E16: 3.53 | F16: 3.45 | G16: 3.38 | H16: 3.4 | M16: =AVERAGE(D16:L16) | N16: =M16/5 | O16: =(M16-1)/4 | P16: 0.6862 | Q16: =IF(ABS(N16-P16)<=0.00105,"일치","불일치") | R16: =IF(ABS(O16-P16)<=0.0013,"일치","불일치")
A17: 2025 | B17: 수혜 | C17: Q16 | D17: 3.56 | E17: 3.61 | F17: 3.88 | G17: 3.8 | M17: =AVERAGE(D17:L17) | N17: =M17/5 | O17: =(M17-1)/4 | P17: 0.6779 | Q17: =IF(ABS(N17-P17)<=0.00105,"일치","불일치") | R17: =IF(ABS(O17-P17)<=0.0013,"일치","불일치")
A18: 2025 | B18: 일반 | C18: Q16 | D18: 3.42 | E18: 3.46 | F18: 3.64 | G18: 3.62 | M18: =AVERAGE(D18:L18) | N18: =M18/5 | O18: =(M18-1)/4 | P18: 0.634 | Q18: =IF(ABS(N18-P18)<=0.00105,"일치","불일치") | R18: =IF(ABS(O18-P18)<=0.0013,"일치","불일치")
A20: 결론: 2023·2024년은 ‘평균÷5’, 2025년은 ‘(평균−1)÷4’로 5점척도를 0~1로 바꾼 뒤 블록 배점을 곱함. 블록 안 문항은 동일가중(단순평균).
A22: 문17 노사협력 프로그램(13점) — 후보식 비교
A23: 연도 | B23: 집단 | D23: 시행률1 | E23: 시행률2 | F23: 시행률3 | G23: 시행률4 | H23: 시행률5 | I23: 활성1 | J23: 활성2 | K23: 활성3 | L23: 활성4 | M23: 활성5 | N23: (미시행1·시행a)/5 | O23: 시행률평균 | P23: 공식값 | Q23: 후보1 판정 | R23: 후보2 판정
A24: 2023 | B24: 수혜 | D24: 0.154 | E24: 0.485 | F24: 0.39 | G24: 0.592 | H24: 0.136 | I24: 3.52 | J24: 3.51 | K24: 3.53 | L24: 3.71 | M24: 3.59 | N24: =SUMPRODUCT(1-D24:H24+D24:H24*I24:M24)/25 | O24: =AVERAGE(D24:H24) | P24: 0.3818 | Q24: =IF(ABS(N24-P24)<=0.0007,"일치","불일치") | R24: =IF(ABS(O24-P24)<=0.0007,"일치","불일치")
A25: 2023 | B25: 일반 | D25: 0.158 | E25: 0.396 | F25: 0.311 | G25: 0.531 | H25: 0.109 | I25: 3.27 | J25: 3.5 | K25: 3.5 | L25: 3.6 | M25: 3.55 | N25: =SUMPRODUCT(1-D25:H25+D25:H25*I25:M25)/25 | O25: =AVERAGE(D25:H25) | P25: 0.3515 | Q25: =IF(ABS(N25-P25)<=0.0007,"일치","불일치") | R25: =IF(ABS(O25-P25)<=0.0007,"일치","불일치")
A26: 2024 | B26: 수혜 | D26: 0.173 | E26: 0.589 | F26: 0.456 | G26: 0.698 | H26: 0.145 | I26: 3.38 | J26: 3.57 | K26: 3.68 | L26: 3.72 | M26: 3.89 | N26: =SUMPRODUCT(1-D26:H26+D26:H26*I26:M26)/25 | O26: =AVERAGE(D26:H26) | P26: 0.3813 | Q26: =IF(ABS(N26-P26)<=0.0007,"일치","불일치") | R26: =IF(ABS(O26-P26)<=0.0007,"일치","불일치")
A27: 2024 | B27: 일반 | D27: 0.147 | E27: 0.47 | F27: 0.329 | G27: 0.588 | H27: 0.102 | I27: 3.22 | J27: 3.39 | K27: 3.43 | L27: 3.65 | M27: 3.65 | N27: =SUMPRODUCT(1-D27:H27+D27:H27*I27:M27)/25 | O27: =AVERAGE(D27:H27) | P27: 0.3011 | Q27: =IF(ABS(N27-P27)<=0.0007,"일치","불일치") | R27: =IF(ABS(O27-P27)<=0.0007,"일치","불일치")
A28: 2025 | B28: 수혜 | D28: 0.148 | E28: 0.506 | F28: 0.428 | G28: 0.643 | H28: 0.126 | I28: 3.29 | J28: 3.49 | K28: 3.69 | L28: 3.74 | M28: 3.57 | N28: =SUMPRODUCT(1-D28:H28+D28:H28*I28:M28)/25 | O28: =AVERAGE(D28:H28) | P28: 0.3836 | Q28: =IF(ABS(N28-P28)<=0.0007,"일치","불일치") | R28: =IF(ABS(O28-P28)<=0.0007,"일치","불일치")
A29: 2025 | B29: 일반 | D29: 0.088 | E29: 0.371 | F29: 0.294 | G29: 0.568 | H29: 0.102 | I29: 3.13 | J29: 3.43 | K29: 3.57 | L29: 3.61 | M29: 3.65 | N29: =SUMPRODUCT(1-D29:H29+D29:H29*I29:M29)/25 | O29: =AVERAGE(D29:H29) | P29: 0.2845 | Q29: =IF(ABS(N29-P29)<=0.0007,"일치","불일치") | R29: =IF(ABS(O29-P29)<=0.0007,"일치","불일치")
A30: → 2023은 (미시행=1, 시행=활성화)/5 식이 수혜·일반 모두 재현. 2025 일반은 시행률 평균과 일치. 2024 두 집단과 2025 수혜는 어떤 단순식으로도 재현 안 됨(원자료·결측처리 미공개).
A32: 문18 노사갈등(12점) — 1−평균발생률
A33: 연도 | B33: 집단 | D33: 파업% | E33: 손실% | F33: 고소% | G33: 해고% | N33: 1−평균발생률 | P33: 공식값 | Q33: 차이 | R33: 판정
A34: 2023 | B34: 수혜 | D34: 2 | E34: 3.3 | F34: 4 | G34: 1.5 | N34: =1-AVERAGE(D34:G34)/100 | P34: 0.9786 | Q34: =P34-N34 | R34: =IF(ABS(Q34)<=0.01,"근접(±0.01)","이상치")
A35: 2023 | B35: 일반 | D35: 2.3 | E35: 2.9 | F35: 4.7 | G35: 1.6 | N35: =1-AVERAGE(D35:G35)/100 | P35: 0.977 | Q35: =P35-N35 | R35: =IF(ABS(Q35)<=0.01,"근접(±0.01)","이상치")
A36: 2024 | B36: 수혜 | D36: 1.3 | E36: 1.6 | F36: 3.3 | G36: 2.2 | N36: =1-AVERAGE(D36:G36)/100 | P36: 0.6619 | Q36: =P36-N36 | R36: =IF(ABS(Q36)<=0.01,"근접(±0.01)","이상치")
A37: 2024 | B37: 일반 | D37: 2.3 | E37: 3.2 | F37: 3.2 | G37: 1.5 | N37: =1-AVERAGE(D37:G37)/100 | P37: 0.5087 | Q37: =P37-N37 | R37: =IF(ABS(Q37)<=0.01,"근접(±0.01)","이상치")
A38: 2025 | B38: 수혜 | D38: 0.2 | E38: 2 | F38: 3.1 | G38: 0.9 | N38: =1-AVERAGE(D38:G38)/100 | P38: 0.979 | Q38: =P38-N38 | R38: =IF(ABS(Q38)<=0.01,"근접(±0.01)","이상치")
A39: 2025 | B39: 일반 | D39: 0.9 | E39: 1.9 | F39: 1.9 | G39: 1.1 | N39: =1-AVERAGE(D39:G39)/100 | P39: 0.9808 | Q39: =P39-N39 | R39: =IF(ABS(Q39)<=0.01,"근접(±0.01)","이상치")
A40: → 2023 산정방식(p.242): 미발생 0·발생 −1로 재코딩 후 0~1 변환. 2023·2025는 ±0.006 근접(결측 분모 차이 추정), 2024 공표값만 크게 벗어남 → 2024(보정) 벤치마크 제공.

Sheet 모형설계
B1: 노사관계 진단 평가모형 설계서
B3: 1. 목적과 원칙
B4: · 노사발전재단 일터혁신지수 ‘노사관계’ 영역(100점)과 같은 문항·배점·변환식으로 채점해, 공식 벤치마크와 같은 잣대로 비교한다.
B5: · 공개 자료로 재현이 확인된 규칙(A)만 그대로 쓰고, 재현되지 않은 부분(B·C)은 근거를 밝히고 가장 근접한 대안을 쓴다.
B6: · 사업주·담당자 응답(재단 조사와 같은 응답주체)만 벤치마크와 비교하고, 근로자 응답은 따로 집계해 인식 차이를 본다.
B8: 2. 구조(36문항 → 7개 소분류 → 5개 중분류 → 100점)
B9: · 노사관계분위기 20 = 전반 인식(문16, 4문항) 10 + 노조·근로자대표 혁신 태도(문24, 5문항) 10
B10: · 노사협력 및 갈등 25 = 협력 프로그램(문17, 5종) 13 + 노사갈등(문18, 4종) 12
B11: · 정보공유와 의사소통 25 = 의사소통(문21, 5문항) + 경영정보 공유(문22, 4문항)
B12: · 고충처리 15 = 문19(4문항) · 노사협의회 15 = 문23(5문항)
B13: · 문항별 가중치(역산): 블록 안 동일가중 → 문16 2.50, 문24 2.00, 문17 2.60, 문18 3.00, 문21·22 2.78, 문19 3.75, 문23 3.00점/문항
B15: 3. 점수 변환식(역산 결과)
... B41: · 2026 「일터혁신 상생컨설팅 진단·평가 지표 개선방안 연구」 결과가 공개되면 문항·배점을 다시 검토해 [가중치]·[벤치마크] 시트만 갱신하면 된다.

Sheet 점수_응답자
A1: 응답자별 계산 시트 — 수정하지 마세요
A2: 노사협의회 제외 | C2: =AND(설문!$C$8="미설치",설문!$C$6="50인 미만",설문!$C$7="없음") | D2: 노사협의회 0점 처리 | E2: =AND(설문!$C$8="미설치",NOT($C$2))
A3: ID | B3: 구분 | C3: 배점 | D3: 설명 | E3: =설문!E12 | F3: =설문!F12 | G3: =설문!G12 | H3: =설문!H12 | I3: =설문!I12 | J3: =설문!J12 | K3: =설문!K12 | L3: =설문!L12 | ... BB3: =설문!BB12
A4: TYPE | B4: 응답자 유형 | E4: =IF(설문!E13="","",설문!E13) | F4: =IF(설문!F13="","",설문!F13) | G4: =IF(설문!G13="","",설문!G13) | H4: =IF(설문!H13="","",설문!H13) | I4: =IF(설문!I13="","",설문!I13) | J4: =IF(설문!J13="","",설문!J13) | K4: =IF(설문!K13="","",설문!K13) | L4: =IF(설문!L13="","",설문!L13) | ... BB4: =IF(설문!BB13="","",설문!BB13)
A5: VALID | B5: 유효 응답(1=집계) | E5: =IF(AND(E4<>"",COUNT(E8:E49)>0),1,0) | F5: =IF(AND(F4<>"",COUNT(F8:F49)>0),1,0) | G5: =IF(AND(G4<>"",COUNT(G8:G49)>0),1,0) | H5: =IF(AND(H4<>"",COUNT(H8:H49)>0),1,0) | I5: =IF(AND(I4<>"",COUNT(I8:I49)>0),1,0) | J5: =IF(AND(J4<>"",COUNT(J8:J49)>0),1,0) | K5: =IF(AND(K4<>"",COUNT(K8:K49)>0),1,0) | L5: =IF(AND(L4<>"",COUNT(L8:L49)>0),1,0) | ... BB5: =IF(AND(BB4<>"",COUNT(BB8:BB49)>0),1,0)
A7: ① RAW: 설문 응답을 숫자로 변환
A8: Q16_1 | B8: 5점척도 | E8: =IF(설문!E16="","",IFERROR(VALUE(설문!E16),"")) | F8: =IF(설문!F16="","",IFERROR(VALUE(설문!F16),"")) | G8: =IF(설문!G16="","",IFERROR(VALUE(설문!G16),"")) | H8: =IF(설문!H16="","",IFERROR(VALUE(설문!H16),"")) | I8: =IF(설문!I16="","",IFERROR(VALUE(설문!I16),"")) | J8: =IF(설문!J16="","",IFERROR(VALUE(설문!J16),"")) | K8: =IF(설문!K16="","",IFERROR(VALUE(설문!K16),"")) | L8: =IF(설문!L16="","",IFERROR(VALUE(설문!L16),"")) | ... BB8: =IF(설문!BB16="","",IFERROR(VALUE(설문!BB16),""))
A9: Q16_2 | B9: 5점척도 | E9: =IF(설문!E17="","",IFERROR(VALUE(설문!E17),"")) | F9: =IF(설문!F17="","",IFERROR(VALUE(설문!F17),"")) | G9: =IF(설문!G17="","",IFERROR(VALUE(설문!G17),"")) | H9: =IF(설문!H17="","",IFERROR(VALUE(설문!H17),"")) | I9: =IF(설문!I17="","",IFERROR(VALUE(설문!I17),"")) | J9: =IF(설문!J17="","",IFERROR(VALUE(설문!J17),"")) | K9: =IF(설문!K17="","",IFERROR(VALUE(설문!K17),"")) | L9: =IF(설문!L17="","",IFERROR(VALUE(설문!L17),"")) | ... BB9: =IF(설문!BB17="","",IFERROR(VALUE(설문!BB17),""))
A10: Q16_3 | B10: 5점척도 | E10: =IF(설문!E18="","",IFERROR(VALUE(설문!E18),"")) | F10: =IF(설문!F18="","",IFERROR(VALUE(설문!F18),"")) | G10: =IF(설문!G18="","",IFERROR(VALUE(설문!G18),"")) | H10: =IF(설문!H18="","",IFERROR(VALUE(설문!H18),"")) | I10: =IF(설문!I18="","",IFERROR(VALUE(설문!I18),"")) | J10: =IF(설문!J18="","",IFERROR(VALUE(설문!J18),"")) | K10: =IF(설문!K18="","",IFERROR(VALUE(설문!K18),"")) | L10: =IF(설문!L18="","",IFERROR(VALUE(설문!L18),"")) | ... BB10: =IF(설문!BB18="","",IFERROR(VALUE(설문!BB18),""))
A11: Q16_4 | B11: 5점척도 | E11: =IF(설문!E19="","",IFERROR(VALUE(설문!E19),"")) | F11: =IF(설문!F19="","",IFERROR(VALUE(설문!F19),"")) | G11: =IF(설문!G19="","",IFERROR(VALUE(설문!G19),"")) | H11: =IF(설문!H19="","",IFERROR(VALUE(설문!H19),"")) | I11: =IF(설문!I19="","",IFERROR(VALUE(설문!I19),"")) | J11: =IF(설문!J19="","",IFERROR(VALUE(설문!J19),"")) | K11: =IF(설문!K19="","",IFERROR(VALUE(설문!K19),"")) | L11: =IF(설문!L19="","",IFERROR(VALUE(설문!L19),"")) | ... BB11: =IF(설문!BB19="","",IFERROR(VALUE(설문!BB19),""))
A12: Q17_1 | B12: 시행=1 | E12: =IF(설문!E21="","",IF(설문!E21="시행",1,0)) | F12: =IF(설문!F21="","",IF(설문!F21="시행",1,0)) | G12: =IF(설문!G21="","",IF(설문!G21="시행",1,0)) | H12: =IF(설문!H21="","",IF(설문!H21="시행",1,0)) | I12: =IF(설문!I21="","",IF(설문!I21="시행",1,0)) | J12: =IF(설문!J21="","",IF(설문!J21="시행",1,0)) | K12: =IF(설문!K21="","",IF(설문!K21="시행",1,0)) | L12: =IF(설문!L21="","",IF(설문!L21="시행",1,0)) | ... BB12: =IF(설문!BB21="","",IF(설문!BB21="시행",1,0))
A13: Q17_1A | B13: 활성화 1~5 | E13: =IF(설문!E22="","",IFERROR(VALUE(설문!E22),"")) | F13: =IF(설문!F22="","",IFERROR(VALUE(설문!F22),"")) | G13: =IF(설문!G22="","",IFERROR(VALUE(설문!G22),"")) | H13: =IF(설문!H22="","",IFERROR(VALUE(설문!H22),"")) | I13: =IF(설문!I22="","",IFERROR(VALUE(설문!I22),"")) | J13: =IF(설문!J22="","",IFERROR(VALUE(설문!J22),"")) | K13: =IF(설문!K22="","",IFERROR(VALUE(설문!K22),"")) | L13: =IF(설문!L22="","",IFERROR(VALUE(설문!L22),"")) | ... BB13: =IF(설문!BB22="","",IFERROR(VALUE(설문!BB22),""))
A14: Q17_2 | B14: 시행=1 | E14: =IF(설문!E23="","",IF(설문!E23="시행",1,0)) | F14: =IF(설문!F23="","",IF(설문!F23="시행",1,0)) | G14: =IF(설문!G23="","",IF(설문!G23="시행",1,0)) | H14: =IF(설문!H23="","",IF(설문!H23="시행",1,0)) | I14: =IF(설문!I23="","",IF(설문!I23="시행",1,0)) | J14: =IF(설문!J23="","",IF(설문!J23="시행",1,0)) | K14: =IF(설문!K23="","",IF(설문!K23="시행",1,0)) | L14: =IF(설문!L23="","",IF(설문!L23="시행",1,0)) | ... BB14: =IF(설문!BB23="","",IF(설문!BB23="시행",1,0))
A15: Q17_2A | B15: 활성화 1~5 | E15: =IF(설문!E24="","",IFERROR(VALUE(설문!E24),"")) | F15: =IF(설문!F24="","",IFERROR(VALUE(설문!F24),"")) | G15: =IF(설문!G24="","",IFERROR(VALUE(설문!G24),"")) | H15: =IF(설문!H24="","",IFERROR(VALUE(설문!H24),"")) | I15: =IF(설문!I24="","",IFERROR(VALUE(설문!I24),"")) | J15: =IF(설문!J24="","",IFERROR(VALUE(설문!J24),"")) | K15: =IF(설문!K24="","",IFERROR(VALUE(설문!K24),"")) | L15: =IF(설문!L24="","",IFERROR(VALUE(설문!L24),"")) | ... BB15: =IF(설문!BB24="","",IFERROR(VALUE(설문!BB24),""))
A16: Q17_3 | B16: 시행=1 | E16: =IF(설문!E25="","",IF(설문!E25="시행",1,0)) | F16: =IF(설문!F25="","",IF(설문!F25="시행",1,0)) | G16: =IF(설문!G25="","",IF(설문!G25="시행",1,0)) | H16: =IF(설문!H25="","",IF(설문!H25="시행",1,0)) | I16: =IF(설문!I25="","",IF(설문!I25="시행",1,0)) | J16: =IF(설문!J25="","",IF(설문!J25="시행",1,0)) | K16: =IF(설문!K25="","",IF(설문!K25="시행",1,0)) | L16: =IF(설문!L25="","",IF(설문!L25="시행",1,0)) | ... BB16: =IF(설문!BB25="","",IF(설문!BB25="시행",1,0))
A17: Q17_3A | B17: 활성화 1~5 | E17: =IF(설문!E26="","",IFERROR(VALUE(설문!E26),"")) | F17: =IF(설문!F26="","",IFERROR(VALUE(설문!F26),"")) | G17: =IF(설문!G26="","",IFERROR(VALUE(설문!G26),"")) | H17: =IF(설문!H26="","",IFERROR(VALUE(설문!H26),"")) | I17: =IF(설문!I26="","",IFERROR(VALUE(설문!I26),"")) | J17: =IF(설문!J26="","",IFERROR(VALUE(설문!J26),"")) | K17: =IF(설문!K26="","",IFERROR(VALUE(설문!K26),"")) | L17: =IF(설문!L26="","",IFERROR(VALUE(설문!L26),"")) | ... BB17: =IF(설문!BB26="","",IFERROR(VALUE(설문!BB26),""))
A18: Q17_4 | B18: 시행=1 | E18: =IF(설문!E27="","",IF(설문!E27="시행",1,0)) | F18: =IF(설문!F27="","",IF(설문!F27="시행",1,0)) | G18: =IF(설문!G27="","",IF(설문!G27="시행",1,0)) | H18: =IF(설문!H27="","",IF(설문!H27="시행",1,0)) | I18: =IF(설문!I27="","",IF(설문!I27="시행",1,0)) | J18: =IF(설문!J27="","",IF(설문!J27="시행",1,0)) | K18: =IF(설문!K27="","",IF(설문!K27="시행",1,0)) | L18: =IF(설문!L27="","",IF(설문!L27="시행",1,0)) | ... BB18: =IF(설문!BB27="","",IF(설문!BB27="시행",1,0))
A19: Q17_4A | B19: 활성화 1~5 | E19: =IF(설문!E28="","",IFERROR(VALUE(설문!E28),"")) | F19: =IF(설문!F28="","",IFERROR(VALUE(설문!F28),"")) | G19: =IF(설문!G28="","",IFERROR(VALUE(설문!G28),"")) | H19: =IF(설문!H28="","",IFERROR(VALUE(설문!H28),"")) | I19: =IF(설문!I28="","",IFERROR(VALUE(설문!I28),"")) | J19: =IF(설문!J28="","",IFERROR(VALUE(설문!J28),"")) | K19: =IF(설문!K28="","",IFERROR(VALUE(설문!K28),"")) | L19: =IF(설문!L28="","",IFERROR(VALUE(설문!L28),"")) | ... BB19: =IF(설문!BB28="","",IFERROR(VALUE(설문!BB28),""))
A20: Q17_5 | B20: 시행=1 | E20: =IF(설문!E29="","",IF(설문!E29="시행",1,0)) | F20: =IF(설문!F29="","",IF(설문!F29="시행",1,0)) | G20: =IF(설문!G29="","",IF(설문!G29="시행",1,0)) | H20: =IF(설문!H29="","",IF(설문!H29="시행",1,0)) | I20: =IF(설문!I29="","",IF(설문!I29="시행",1,0)) | J20: =IF(설문!J29="","",IF(설문!J29="시행",1,0)) | K20: =IF(설문!K29="","",IF(설문!K29="시행",1,0)) | L20: =IF(설문!L29="","",IF(설문!L29="시행",1,0)) | ... BB20: =IF(설문!BB29="","",IF(설문!BB29="시행",1,0))
A21: Q17_5A | B21: 활성화 1~5 | E21: =IF(설문!E30="","",IFERROR(VALUE(설문!E30),"")) | F21: =IF(설문!F30="","",IFERROR(VALUE(설문!F30),"")) | G21: =IF(설문!G30="","",IFERROR(VALUE(설문!G30),"")) | H21: =IF(설문!H30="","",IFERROR(VALUE(설문!H30),"")) | I21: =IF(설문!I30="","",IFERROR(VALUE(설문!I30),"")) | J21: =IF(설문!J30="","",IFERROR(VALUE(설문!J30),"")) | K21: =IF(설문!K30="","",IFERROR(VALUE(설문!K30),"")) | L21: =IF(설문!L30="","",IFERROR(VALUE(설문!L30),"")) | ... BB21: =IF(설문!BB30="","",IFERROR(VALUE(설문!BB30),""))
A22: Q18_1 | B22: 발생=1 | E22: =IF(설문!E32="","",IF(설문!E32="발생",1,0)) | F22: =IF(설문!F32="","",IF(설문!F32="발생",1,0)) | G22: =IF(설문!G32="","",IF(설문!G32="발생",1,0)) | H22: =IF(설문!H32="","",IF(설문!H32="발생",1,0)) | I22: =IF(설문!I32="","",IF(설문!I32="발생",1,0)) | J22: =IF(설문!J32="","",IF(설문!J32="발생",1,0)) | K22: =IF(설문!K32="","",IF(설문!K32="발생",1,0)) | L22: =IF(설문!L32="","",IF(설문!L32="발생",1,0)) | ... BB22: =IF(설문!BB32="","",IF(설문!BB32="발생",1,0))
A23: Q18_2 | B23: 발생=1 | E23: =IF(설문!E33="","",IF(설문!E33="발생",1,0)) | F23: =IF(설문!F33="","",IF(설문!F33="발생",1,0)) | G23: =IF(설문!G33="","",IF(설문!G33="발생",1,0)) | H23: =IF(설문!H33="","",IF(설문!H33="발생",1,0)) | I23: =IF(설문!I33="","",IF(설문!I33="발생",1,0)) | J23: =IF(설문!J33="","",IF(설문!J33="발생",1,0)) | K23: =IF(설문!K33="","",IF(설문!K33="발생",1,0)) | L23: =IF(설문!L33="","",IF(설문!L33="발생",1,0)) | ... BB23: =IF(설문!BB33="","",IF(설문!BB33="발생",1,0))
A24: Q18_3 | B24: 발생=1 | E24: =IF(설문!E34="","",IF(설문!E34="발생",1,0)) | F24: =IF(설문!F34="","",IF(설문!F34="발생",1,0)) | G24: =IF(설문!G34="","",IF(설문!G34="발생",1,0)) | H24: =IF(설문!H34="","",IF(설문!H34="발생",1,0)) | I24: =IF(설문!I34="","",IF(설문!I34="발생",1,0)) | J24: =IF(설문!J34="","",IF(설문!J34="발생",1,0)) | K24: =IF(설문!K34="","",IF(설문!K34="발생",1,0)) | L24: =IF(설문!L34="","",IF(설문!L34="발생",1,0)) | ... BB24: =IF(설문!BB34="","",IF(설문!BB34="발생",1,0))
A25: Q18_4 | B25: 발생=1 | E25: =IF(설문!E35="","",IF(설문!E35="발생",1,0)) | F25: =IF(설문!F35="","",IF(설문!F35="발생",1,0)) | G25: =IF(설문!G35="","",IF(설문!G35="발생",1,0)) | H25: =IF(설문!H35="","",IF(설문!H35="발생",1,0)) | I25: =IF(설문!I35="","",IF(설문!I35="발생",1,0)) | J25: =IF(설문!J35="","",IF(설문!J35="발생",1,0)) | K25: =IF(설문!K35="","",IF(설문!K35="발생",1,0)) | L25: =IF(설문!L35="","",IF(설문!L35="발생",1,0)) | ... BB25: =IF(설문!BB35="","",IF(설문!BB35="발생",1,0))
A26: Q19_1 | B26: 5점척도 | E26: =IF(설문!E37="","",IFERROR(VALUE(설문!E37),"")) | F26: =IF(설문!F37="","",IFERROR(VALUE(설문!F37),"")) | G26: =IF(설문!G37="","",IFERROR(VALUE(설문!G37),"")) | H26: =IF(설문!H37="","",IFERROR(VALUE(설문!H37),"")) | I26: =IF(설문!I37="","",IFERROR(VALUE(설문!I37),"")) | J26: =IF(설문!J37="","",IFERROR(VALUE(설문!J37),"")) | K26: =IF(설문!K37="","",IFERROR(VALUE(설문!K37),"")) | L26: =IF(설문!L37="","",IFERROR(VALUE(설문!L37),"")) | ... BB26: =IF(설문!BB37="","",IFERROR(VALUE(설문!BB37),""))
A27: Q19_2 | B27: 5점척도 | E27: =IF(설문!E38="","",IFERROR(VALUE(설문!E38),"")) | F27: =IF(설문!F38="","",IFERROR(VALUE(설문!F38),"")) | G27: =IF(설문!G38="","",IFERROR(VALUE(설문!G38),"")) | H27: =IF(설문!H38="","",IFERROR(VALUE(설문!H38),"")) | I27: =IF(설문!I38="","",IFERROR(VALUE(설문!I38),"")) | J27: =IF(설문!J38="","",IFERROR(VALUE(설문!J38),"")) | K27: =IF(설문!K38="","",IFERROR(VALUE(설문!K38),"")) | L27: =IF(설문!L38="","",IFERROR(VALUE(설문!L38),"")) | ... BB27: =IF(설문!BB38="","",IFERROR(VALUE(설문!BB38),""))
A28: Q19_3 | B28: 5점척도 | E28: =IF(설문!E39="","",IFERROR(VALUE(설문!E39),"")) | F28: =IF(설문!F39="","",IFERROR(VALUE(설문!F39),"")) | G28: =IF(설문!G39="","",IFERROR(VALUE(설문!G39),"")) | H28: =IF(설문!H39="","",IFERROR(VALUE(설문!H39),"")) | I28: =IF(설문!I39="","",IFERROR(VALUE(설문!I39),"")) | J28: =IF(설문!J39="","",IFERROR(VALUE(설문!J39),"")) | K28: =IF(설문!K39="","",IFERROR(VALUE(설문!K39),"")) | L28: =IF(설문!L39="","",IFERROR(VALUE(설문!L39),"")) | ... BB28: =IF(설문!BB39="","",IFERROR(VALUE(설문!BB39),""))
A29: Q19_4 | B29: 5점척도 | E29: =IF(설문!E40="","",IFERROR(VALUE(설문!E40),"")) | F29: =IF(설문!F40="","",IFERROR(VALUE(설문!F40),"")) | G29: =IF(설문!G40="","",IFERROR(VALUE(설문!G40),"")) | H29: =IF(설문!H40="","",IFERROR(VALUE(설문!H40),"")) | I29: =IF(설문!I40="","",IFERROR(VALUE(설문!I40),"")) | J29: =IF(설문!J40="","",IFERROR(VALUE(설문!J40),"")) | K29: =IF(설문!K40="","",IFERROR(VALUE(설문!K40),"")) | L29: =IF(설문!L40="","",IFERROR(VALUE(설문!L40),"")) | ... BB29: =IF(설문!BB40="","",IFERROR(VALUE(설문!BB40),""))
A30: Q20 | B30: 참고 1~5 | E30: =IF(설문!E42="","",IFERROR(VALUE(설문!E42),"")) | F30: =IF(설문!F42="","",IFERROR(VALUE(설문!F42),"")) | G30: =IF(설문!G42="","",IFERROR(VALUE(설문!G42),"")) | H30: =IF(설문!H42="","",IFERROR(VALUE(설문!H42),"")) | I30: =IF(설문!I42="","",IFERROR(VALUE(설문!I42),"")) | J30: =IF(설문!J42="","",IFERROR(VALUE(설문!J42),"")) | K30: =IF(설문!K42="","",IFERROR(VALUE(설문!K42),"")) | L30: =IF(설문!L42="","",IFERROR(VALUE(설문!L42),"")) | ... BB30: =IF(설문!BB42="","",IFERROR(VALUE(설문!BB42),""))
A31: Q21_1 | B31: 5점척도 | E31: =IF(설문!E44="","",IFERROR(VALUE(설문!E44),"")) | F31: =IF(설문!F44="","",IFERROR(VALUE(설문!F44),"")) | G31: =IF(설문!G44="","",IFERROR(VALUE(설문!G44),"")) | H31: =IF(설문!H44="","",IFERROR(VALUE(설문!H44),"")) | I31: =IF(설문!I44="","",IFERROR(VALUE(설문!I44),"")) | J31: =IF(설문!J44="","",IFERROR(VALUE(설문!J44),"")) | K31: =IF(설문!K44="","",IFERROR(VALUE(설문!K44),"")) | L31: =IF(설문!L44="","",IFERROR(VALUE(설문!L44),"")) | ... BB31: =IF(설문!BB44="","",IFERROR(VALUE(설문!BB44),""))
A32: Q21_2 | B32: 5점척도 | E32: =IF(설문!E45="","",IFERROR(VALUE(설문!E45),"")) | F32: =IF(설문!F45="","",IFERROR(VALUE(설문!F45),"")) | G32: =IF(설문!G45="","",IFERROR(VALUE(설문!G45),"")) | H32: =IF(설문!H45="","",IFERROR(VALUE(설문!H45),"")) | I32: =IF(설문!I45="","",IFERROR(VALUE(설문!I45),"")) | J32: =IF(설문!J45="","",IFERROR(VALUE(설문!J45),"")) | K32: =IF(설문!K45="","",IFERROR(VALUE(설문!K45),"")) | L32: =IF(설문!L45="","",IFERROR(VALUE(설문!L45),"")) | ... BB32: =IF(설문!BB45="","",IFERROR(VALUE(설문!BB45),""))
A33: Q21_3 | B33: 5점척도 | E33: =IF(설문!E46="","",IFERROR(VALUE(설문!E46),"")) | F33: =IF(설문!F46="","",IFERROR(VALUE(설문!F46),"")) | G33: =IF(설문!G46="","",IFERROR(VALUE(설문!G46),"")) | H33: =IF(설문!H46="","",IFERROR(VALUE(설문!H46),"")) | I33: =IF(설문!I46="","",IFERROR(VALUE(설문!I46),"")) | J33: =IF(설문!J46="","",IFERROR(VALUE(설문!J46),"")) | K33: =IF(설문!K46="","",IFERROR(VALUE(설문!K46),"")) | L33: =IF(설문!L46="","",IFERROR(VALUE(설문!L46),"")) | ... BB33: =IF(설문!BB46="","",IFERROR(VALUE(설문!BB46),""))
A34: Q21_4 | B34: 5점척도 | E34: =IF(설문!E47="","",IFERROR(VALUE(설문!E47),"")) | F34: =IF(설문!F47="","",IFERROR(VALUE(설문!F47),"")) | G34: =IF(설문!G47="","",IFERROR(VALUE(설문!G47),"")) | H34: =IF(설문!H47="","",IFERROR(VALUE(설문!H47),"")) | I34: =IF(설문!I47="","",IFERROR(VALUE(설문!I47),"")) | J34: =IF(설문!J47="","",IFERROR(VALUE(설문!J47),"")) | K34: =IF(설문!K47="","",IFERROR(VALUE(설문!K47),"")) | L34: =IF(설문!L47="","",IFERROR(VALUE(설문!L47),"")) | ... BB34: =IF(설문!BB47="","",IFERROR(VALUE(설문!BB47),""))
A35: Q21_5 | B35: 5점척도 | E35: =IF(설문!E48="","",IFERROR(VALUE(설문!E48),"")) | F35: =IF(설문!F48="","",IFERROR(VALUE(설문!F48),"")) | G35: =IF(설문!G48="","",IFERROR(VALUE(설문!G48),"")) | H35: =IF(설문!H48="","",IFERROR(VALUE(설문!H48),"")) | I35: =IF(설문!I48="","",IFERROR(VALUE(설문!I48),"")) | J35: =IF(설문!J48="","",IFERROR(VALUE(설문!J48),"")) | K35: =IF(설문!K48="","",IFERROR(VALUE(설문!K48),"")) | L35: =IF(설문!L48="","",IFERROR(VALUE(설문!L48),"")) | ... BB35: =IF(설문!BB48="","",IFERROR(VALUE(설문!BB48),""))
A36: Q22_1 | B36: 5점척도 | E36: =IF(설문!E50="","",IFERROR(VALUE(설문!E50),"")) | F36: =IF(설문!F50="","",IFERROR(VALUE(설문!F50),"")) | G36: =IF(설문!G50="","",IFERROR(VALUE(설문!G50),"")) | H36: =IF(설문!H50="","",IFERROR(VALUE(설문!H50),"")) | I36: =IF(설문!I50="","",IFERROR(VALUE(설문!I50),"")) | J36: =IF(설문!J50="","",IFERROR(VALUE(설문!J50),"")) | K36: =IF(설문!K50="","",IFERROR(VALUE(설문!K50),"")) | L36: =IF(설문!L50="","",IFERROR(VALUE(설문!L50),"")) | ... BB36: =IF(설문!BB50="","",IFERROR(VALUE(설문!BB50),""))
A37: Q22_2 | B37: 5점척도 | E37: =IF(설문!E51="","",IFERROR(VALUE(설문!E51),"")) | F37: =IF(설문!F51="","",IFERROR(VALUE(설문!F51),"")) | G37: =IF(설문!G51="","",IFERROR(VALUE(설문!G51),"")) | H37: =IF(설문!H51="","",IFERROR(VALUE(설문!H51),"")) | I37: =IF(설문!I51="","",IFERROR(VALUE(설문!I51),"")) | J37: =IF(설문!J51="","",IFERROR(VALUE(설문!J51),"")) | K37: =IF(설문!K51="","",IFERROR(VALUE(설문!K51),"")) | L37: =IF(설문!L51="","",IFERROR(VALUE(설문!L51),"")) | ... BB37: =IF(설문!BB51="","",IFERROR(VALUE(설문!BB51),""))
A38: Q22_3 | B38: 5점척도 | E38: =IF(설문!E52="","",IFERROR(VALUE(설문!E52),"")) | F38: =IF(설문!F52="","",IFERROR(VALUE(설문!F52),"")) | G38: =IF(설문!G52="","",IFERROR(VALUE(설문!G52),"")) | H38: =IF(설문!H52="","",IFERROR(VALUE(설문!H52),"")) | I38: =IF(설문!I52="","",IFERROR(VALUE(설문!I52),"")) | J38: =IF(설문!J52="","",IFERROR(VALUE(설문!J52),"")) | K38: =IF(설문!K52="","",IFERROR(VALUE(설문!K52),"")) | L38: =IF(설문!L52="","",IFERROR(VALUE(설문!L52),"")) | ... BB38: =IF(설문!BB52="","",IFERROR(VALUE(설문!BB52),""))
A39: Q22_4 | B39: 5점척도 | E39: =IF(설문!E53="","",IFERROR(VALUE(설문!E53),"")) | F39: =IF(설문!F53="","",IFERROR(VALUE(설문!F53),"")) | G39: =IF(설문!G53="","",IFERROR(VALUE(설문!G53),"")) | H39: =IF(설문!H53="","",IFERROR(VALUE(설문!H53),"")) | I39: =IF(설문!I53="","",IFERROR(VALUE(설문!I53),"")) | J39: =IF(설문!J53="","",IFERROR(VALUE(설문!J53),"")) | K39: =IF(설문!K53="","",IFERROR(VALUE(설문!K53),"")) | L39: =IF(설문!L53="","",IFERROR(VALUE(설문!L53),"")) | ... BB39: =IF(설문!BB53="","",IFERROR(VALUE(설문!BB53),""))
A40: Q23_1 | B40: 5점척도 | E40: =IF(설문!E55="","",IFERROR(VALUE(설문!E55),"")) | F40: =IF(설문!F55="","",IFERROR(VALUE(설문!F55),"")) | G40: =IF(설문!G55="","",IFERROR(VALUE(설문!G55),"")) | H40: =IF(설문!H55="","",IFERROR(VALUE(설문!H55),"")) | I40: =IF(설문!I55="","",IFERROR(VALUE(설문!I55),"")) | J40: =IF(설문!J55="","",IFERROR(VALUE(설문!J55),"")) | K40: =IF(설문!K55="","",IFERROR(VALUE(설문!K55),"")) | L40: =IF(설문!L55="","",IFERROR(VALUE(설문!L55),"")) | ... BB40: =IF(설문!BB55="","",IFERROR(VALUE(설문!BB55),""))
A41: Q23_2 | B41: 5점척도 | E41: =IF(설문!E56="","",IFERROR(VALUE(설문!E56),"")) | F41: =IF(설문!F56="","",IFERROR(VALUE(설문!F56),"")) | G41: =IF(설문!G56="","",IFERROR(VALUE(설문!G56),"")) | H41: =IF(설문!H56="","",IFERROR(VALUE(설문!H56),"")) | I41: =IF(설문!I56="","",IFERROR(VALUE(설문!I56),"")) | J41: =IF(설문!J56="","",IFERROR(VALUE(설문!J56),"")) | K41: =IF(설문!K56="","",IFERROR(VALUE(설문!K56),"")) | L41: =IF(설문!L56="","",IFERROR(VALUE(설문!L56),"")) | ... BB41: =IF(설문!BB56="","",IFERROR(VALUE(설문!BB56),""))
A42: Q23_3 | B42: 5점척도 | E42: =IF(설문!E57="","",IFERROR(VALUE(설문!E57),"")) | F42: =IF(설문!F57="","",IFERROR(VALUE(설문!F57),"")) | G42: =IF(설문!G57="","",IFERROR(VALUE(설문!G57),"")) | H42: =IF(설문!H57="","",IFERROR(VALUE(설문!H57),"")) | I42: =IF(설문!I57="","",IFERROR(VALUE(설문!I57),"")) | J42: =IF(설문!J57="","",IFERROR(VALUE(설문!J57),"")) | K42: =IF(설문!K57="","",IFERROR(VALUE(설문!K57),"")) | L42: =IF(설문!L57="","",IFERROR(VALUE(설문!L57),"")) | ... BB42: =IF(설문!BB57="","",IFERROR(VALUE(설문!BB57),""))
A43: Q23_4 | B43: 5점척도 | E43: =IF(설문!E58="","",IFERROR(VALUE(설문!E58),"")) | F43: =IF(설문!F58="","",IFERROR(VALUE(설문!F58),"")) | G43: =IF(설문!G58="","",IFERROR(VALUE(설문!G58),"")) | H43: =IF(설문!H58="","",IFERROR(VALUE(설문!H58),"")) | I43: =IF(설문!I58="","",IFERROR(VALUE(설문!I58),"")) | J43: =IF(설문!J58="","",IFERROR(VALUE(설문!J58),"")) | K43: =IF(설문!K58="","",IFERROR(VALUE(설문!K58),"")) | L43: =IF(설문!L58="","",IFERROR(VALUE(설문!L58),"")) | ... BB43: =IF(설문!BB58="","",IFERROR(VALUE(설문!BB58),""))
A44: Q23_5 | B44: 5점척도 | E44: =IF(설문!E59="","",IFERROR(VALUE(설문!E59),"")) | F44: =IF(설문!F59="","",IFERROR(VALUE(설문!F59),"")) | G44: =IF(설문!G59="","",IFERROR(VALUE(설문!G59),"")) | H44: =IF(설문!H59="","",IFERROR(VALUE(설문!H59),"")) | I44: =IF(설문!I59="","",IFERROR(VALUE(설문!I59),"")) | J44: =IF(설문!J59="","",IFERROR(VALUE(설문!J59),"")) | K44: =IF(설문!K59="","",IFERROR(VALUE(설문!K59),"")) | L44: =IF(설문!L59="","",IFERROR(VALUE(설문!L59),"")) | ... BB44: =IF(설문!BB59="","",IFERROR(VALUE(설문!BB59),""))
A45: Q24_1 | B45: 5점척도 | E45: =IF(설문!E61="","",IFERROR(VALUE(설문!E61),"")) | F45: =IF(설문!F61="","",IFERROR(VALUE(설문!F61),"")) | G45: =IF(설문!G61="","",IFERROR(VALUE(설문!G61),"")) | H45: =IF(설문!H61="","",IFERROR(VALUE(설문!H61),"")) | I45: =IF(설문!I61="","",IFERROR(VALUE(설문!I61),"")) | J45: =IF(설문!J61="","",IFERROR(VALUE(설문!J61),"")) | K45: =IF(설문!K61="","",IFERROR(VALUE(설문!K61),"")) | L45: =IF(설문!L61="","",IFERROR(VALUE(설문!L61),"")) | ... BB45: =IF(설문!BB61="","",IFERROR(VALUE(설문!BB61),""))
A46: Q24_2 | B46: 5점척도 | E46: =IF(설문!E62="","",IFERROR(VALUE(설문!E62),"")) | F46: =IF(설문!F62="","",IFERROR(VALUE(설문!F62),"")) | G46: =IF(설문!G62="","",IFERROR(VALUE(설문!G62),"")) | H46: =IF(설문!H62="","",IFERROR(VALUE(설문!H62),"")) | I46: =IF(설문!I62="","",IFERROR(VALUE(설문!I62),"")) | J46: =IF(설문!J62="","",IFERROR(VALUE(설문!J62),"")) | K46: =IF(설문!K62="","",IFERROR(VALUE(설문!K62),"")) | L46: =IF(설문!L62="","",IFERROR(VALUE(설문!L62),"")) | ... BB46: =IF(설문!BB62="","",IFERROR(VALUE(설문!BB62),""))
A47: Q24_3 | B47: 5점척도 | E47: =IF(설문!E63="","",IFERROR(VALUE(설문!E63),"")) | F47: =IF(설문!F63="","",IFERROR(VALUE(설문!F63),"")) | G47: =IF(설문!G63="","",IFERROR(VALUE(설문!G63),"")) | H47: =IF(설문!H63="","",IFERROR(VALUE(설문!H63),"")) | I47: =IF(설문!I63="","",IFERROR(VALUE(설문!I63),"")) | J47: =IF(설문!J63="","",IFERROR(VALUE(설문!J63),"")) | K47: =IF(설문!K63="","",IFERROR(VALUE(설문!K63),"")) | L47: =IF(설문!L63="","",IFERROR(VALUE(설문!L63),"")) | ... BB47: =IF(설문!BB63="","",IFERROR(VALUE(설문!BB63),""))
A48: Q24_4 | B48: 5점척도 | E48: =IF(설문!E64="","",IFERROR(VALUE(설문!E64),"")) | F48: =IF(설문!F64="","",IFERROR(VALUE(설문!F64),"")) | G48: =IF(설문!G64="","",IFERROR(VALUE(설문!G64),"")) | H48: =IF(설문!H64="","",IFERROR(VALUE(설문!H64),"")) | I48: =IF(설문!I64="","",IFERROR(VALUE(설문!I64),"")) | J48: =IF(설문!J64="","",IFERROR(VALUE(설문!J64),"")) | K48: =IF(설문!K64="","",IFERROR(VALUE(설문!K64),"")) | L48: =IF(설문!L64="","",IFERROR(VALUE(설문!L64),"")) | ... BB48: =IF(설문!BB64="","",IFERROR(VALUE(설문!BB64),""))
A49: Q24_5 | B49: 5점척도 | E49: =IF(설문!E65="","",IFERROR(VALUE(설문!E65),"")) | F49: =IF(설문!F65="","",IFERROR(VALUE(설문!F65),"")) | G49: =IF(설문!G65="","",IFERROR(VALUE(설문!G65),"")) | H49: =IF(설문!H65="","",IFERROR(VALUE(설문!H65),"")) | I49: =IF(설문!I65="","",IFERROR(VALUE(설문!I65),"")) | J49: =IF(설문!J65="","",IFERROR(VALUE(설문!J65),"")) | K49: =IF(설문!K65="","",IFERROR(VALUE(설문!K65),"")) | L49: =IF(설문!L65="","",IFERROR(VALUE(설문!L65),"")) | ... BB49: =IF(설문!BB65="","",IFERROR(VALUE(설문!BB65),""))
A51: ② 2025식 변환: 5점척도 (x−1)/4 · 문17 시행=1/미시행=0 · 문18 미발생=1
A52: Q16_1 | B52: 노사관계 전반 인식 | C52: =가중치!$F$5 | E52: =IF(E8="","",(E8-1)/4) | F52: =IF(F8="","",(F8-1)/4) | G52: =IF(G8="","",(G8-1)/4) | H52: =IF(H8="","",(H8-1)/4) | I52: =IF(I8="","",(I8-1)/4) | J52: =IF(J8="","",(J8-1)/4) | K52: =IF(K8="","",(K8-1)/4) | L52: =IF(L8="","",(L8-1)/4) | ... BB52: =IF(BB8="","",(BB8-1)/4)
A53: Q16_2 | B53: 노사관계 전반 인식 | C53: =가중치!$F$6 | E53: =IF(E9="","",(E9-1)/4) | F53: =IF(F9="","",(F9-1)/4) | G53: =IF(G9="","",(G9-1)/4) | H53: =IF(H9="","",(H9-1)/4) | I53: =IF(I9="","",(I9-1)/4) | J53: =IF(J9="","",(J9-1)/4) | K53: =IF(K9="","",(K9-1)/4) | L53: =IF(L9="","",(L9-1)/4) | ... BB53: =IF(BB9="","",(BB9-1)/4)
A54: Q16_3 | B54: 노사관계 전반 인식 | C54: =가중치!$F$7 | E54: =IF(E10="","",(E10-1)/4) | F54: =IF(F10="","",(F10-1)/4) | G54: =IF(G10="","",(G10-1)/4) | H54: =IF(H10="","",(H10-1)/4) | I54: =IF(I10="","",(I10-1)/4) | J54: =IF(J10="","",(J10-1)/4) | K54: =IF(K10="","",(K10-1)/4) | L54: =IF(L10="","",(L10-1)/4) | ... BB54: =IF(BB10="","",(BB10-1)/4)
A55: Q16_4 | B55: 노사관계 전반 인식 | C55: =가중치!$F$8 | E55: =IF(E11="","",(E11-1)/4) | F55: =IF(F11="","",(F11-1)/4) | G55: =IF(G11="","",(G11-1)/4) | H55: =IF(H11="","",(H11-1)/4) | I55: =IF(I11="","",(I11-1)/4) | J55: =IF(J11="","",(J11-1)/4) | K55: =IF(K11="","",(K11-1)/4) | L55: =IF(L11="","",(L11-1)/4) | ... BB55: =IF(BB11="","",(BB11-1)/4)
A56: Q24_1 | B56: 노조·근로자대표의 혁신 태도 | C56: =가중치!$F$9 | E56: =IF(E45="","",(E45-1)/4) | F56: =IF(F45="","",(F45-1)/4) | G56: =IF(G45="","",(G45-1)/4) | H56: =IF(H45="","",(H45-1)/4) | I56: =IF(I45="","",(I45-1)/4) | J56: =IF(J45="","",(J45-1)/4) | K56: =IF(K45="","",(K45-1)/4) | L56: =IF(L45="","",(L45-1)/4) | ... BB56: =IF(BB45="","",(BB45-1)/4)
A57: Q24_2 | B57: 노조·근로자대표의 혁신 태도 | C57: =가중치!$F$10 | E57: =IF(E46="","",(E46-1)/4) | F57: =IF(F46="","",(F46-1)/4) | G57: =IF(G46="","",(G46-1)/4) | H57: =IF(H46="","",(H46-1)/4) | I57: =IF(I46="","",(I46-1)/4) | J57: =IF(J46="","",(J46-1)/4) | K57: =IF(K46="","",(K46-1)/4) | L57: =IF(L46="","",(L46-1)/4) | ... BB57: =IF(BB46="","",(BB46-1)/4)
A58: Q24_3 | B58: 노조·근로자대표의 혁신 태도 | C58: =가중치!$F$11 | E58: =IF(E47="","",(E47-1)/4) | F58: =IF(F47="","",(F47-1)/4) | G58: =IF(G47="","",(G47-1)/4) | H58: =IF(H47="","",(H47-1)/4) | I58: =IF(I47="","",(I47-1)/4) | J58: =IF(J47="","",(J47-1)/4) | K58: =IF(K47="","",(K47-1)/4) | L58: =IF(L47="","",(L47-1)/4) | ... BB58: =IF(BB47="","",(BB47-1)/4)
A59: Q24_4 | B59: 노조·근로자대표의 혁신 태도 | C59: =가중치!$F$12 | E59: =IF(E48="","",(E48-1)/4) | F59: =IF(F48="","",(F48-1)/4) | G59: =IF(G48="","",(G48-1)/4) | H59: =IF(H48="","",(H48-1)/4) | I59: =IF(I48="","",(I48-1)/4) | J59: =IF(J48="","",(J48-1)/4) | K59: =IF(K48="","",(K48-1)/4) | L59: =IF(L48="","",(L48-1)/4) | ... BB59: =IF(BB48="","",(BB48-1)/4)
A60: Q24_5 | B60: 노조·근로자대표의 혁신 태도 | C60: =가중치!$F$13 | E60: =IF(E49="","",(E49-1)/4) | F60: =IF(F49="","",(F49-1)/4) | G60: =IF(G49="","",(G49-1)/4) | H60: =IF(H49="","",(H49-1)/4) | I60: =IF(I49="","",(I49-1)/4) | J60: =IF(J49="","",(J49-1)/4) | K60: =IF(K49="","",(K49-1)/4) | L60: =IF(L49="","",(L49-1)/4) | ... BB60: =IF(BB49="","",(BB49-1)/4)
A61: Q17_1 | B61: 노사협력 프로그램 | C61: =가중치!$F$14 | E61: =IF(E12="","",E12) | F61: =IF(F12="","",F12) | G61: =IF(G12="","",G12) | H61: =IF(H12="","",H12) | I61: =IF(I12="","",I12) | J61: =IF(J12="","",J12) | K61: =IF(K12="","",K12) | L61: =IF(L12="","",L12) | ... BB61: =IF(BB12="","",BB12)
A62: Q17_2 | B62: 노사협력 프로그램 | C62: =가중치!$F$15 | E62: =IF(E14="","",E14) | F62: =IF(F14="","",F14) | G62: =IF(G14="","",G14) | H62: =IF(H14="","",H14) | I62: =IF(I14="","",I14) | J62: =IF(J14="","",J14) | K62: =IF(K14="","",K14) | L62: =IF(L14="","",L14) | ... BB62: =IF(BB14="","",BB14)
A63: Q17_3 | B63: 노사협력 프로그램 | C63: =가중치!$F$16 | E63: =IF(E16="","",E16) | F63: =IF(F16="","",F16) | G63: =IF(G16="","",G16) | H63: =IF(H16="","",H16) | I63: =IF(I16="","",I16) | J63: =IF(J16="","",J16) | K63: =IF(K16="","",K16) | L63: =IF(L16="","",L16) | ... BB63: =IF(BB16="","",BB16)
A64: Q17_4 | B64: 노사협력 프로그램 | C64: =가중치!$F$17 | E64: =IF(E18="","",E18) | F64: =IF(F18="","",F18) | G64: =IF(G18="","",G18) | H64: =IF(H18="","",H18) | I64: =IF(I18="","",I18) | J64: =IF(J18="","",J18) | K64: =IF(K18="","",K18) | L64: =IF(L18="","",L18) | ... BB64: =IF(BB18="","",BB18)
A65: Q17_5 | B65: 노사협력 프로그램 | C65: =가중치!$F$18 | E65: =IF(E20="","",E20) | F65: =IF(F20="","",F20) | G65: =IF(G20="","",G20) | H65: =IF(H20="","",H20) | I65: =IF(I20="","",I20) | J65: =IF(J20="","",J20) | K65: =IF(K20="","",K20) | L65: =IF(L20="","",L20) | ... BB65: =IF(BB20="","",BB20)
A66: Q18_1 | B66: 노사갈등(미발생) | C66: =가중치!$F$19 | E66: =IF(E22="","",1-E22) | F66: =IF(F22="","",1-F22) | G66: =IF(G22="","",1-G22) | H66: =IF(H22="","",1-H22) | I66: =IF(I22="","",1-I22) | J66: =IF(J22="","",1-J22) | K66: =IF(K22="","",1-K22) | L66: =IF(L22="","",1-L22) | ... BB66: =IF(BB22="","",1-BB22)
A67: Q18_2 | B67: 노사갈등(미발생) | C67: =가중치!$F$20 | E67: =IF(E23="","",1-E23) | F67: =IF(F23="","",1-F23) | G67: =IF(G23="","",1-G23) | H67: =IF(H23="","",1-H23) | I67: =IF(I23="","",1-I23) | J67: =IF(J23="","",1-J23) | K67: =IF(K23="","",1-K23) | L67: =IF(L23="","",1-L23) | ... BB67: =IF(BB23="","",1-BB23)
A68: Q18_3 | B68: 노사갈등(미발생) | C68: =가중치!$F$21 | E68: =IF(E24="","",1-E24) | F68: =IF(F24="","",1-F24) | G68: =IF(G24="","",1-G24) | H68: =IF(H24="","",1-H24) | I68: =IF(I24="","",1-I24) | J68: =IF(J24="","",1-J24) | K68: =IF(K24="","",1-K24) | L68: =IF(L24="","",1-L24) | ... BB68: =IF(BB24="","",1-BB24)
A69: Q18_4 | B69: 노사갈등(미발생) | C69: =가중치!$F$22 | E69: =IF(E25="","",1-E25) | F69: =IF(F25="","",1-F25) | G69: =IF(G25="","",1-G25) | H69: =IF(H25="","",1-H25) | I69: =IF(I25="","",1-I25) | J69: =IF(J25="","",1-J25) | K69: =IF(K25="","",1-K25) | L69: =IF(L25="","",1-L25) | ... BB69: =IF(BB25="","",1-BB25)
A70: Q21_1 | B70: 정보공유·의사소통 | C70: =가중치!$F$23 | E70: =IF(E31="","",(E31-1)/4) | F70: =IF(F31="","",(F31-1)/4) | G70: =IF(G31="","",(G31-1)/4) | H70: =IF(H31="","",(H31-1)/4) | I70: =IF(I31="","",(I31-1)/4) | J70: =IF(J31="","",(J31-1)/4) | K70: =IF(K31="","",(K31-1)/4) | L70: =IF(L31="","",(L31-1)/4) | ... BB70: =IF(BB31="","",(BB31-1)/4)
A71: Q21_2 | B71: 정보공유·의사소통 | C71: =가중치!$F$24 | E71: =IF(E32="","",(E32-1)/4) | F71: =IF(F32="","",(F32-1)/4) | G71: =IF(G32="","",(G32-1)/4) | H71: =IF(H32="","",(H32-1)/4) | I71: =IF(I32="","",(I32-1)/4) | J71: =IF(J32="","",(J32-1)/4) | K71: =IF(K32="","",(K32-1)/4) | L71: =IF(L32="","",(L32-1)/4) | ... BB71: =IF(BB32="","",(BB32-1)/4)
A72: Q21_3 | B72: 정보공유·의사소통 | C72: =가중치!$F$25 | E72: =IF(E33="","",(E33-1)/4) | F72: =IF(F33="","",(F33-1)/4) | G72: =IF(G33="","",(G33-1)/4) | H72: =IF(H33="","",(H33-1)/4) | I72: =IF(I33="","",(I33-1)/4) | J72: =IF(J33="","",(J33-1)/4) | K72: =IF(K33="","",(K33-1)/4) | L72: =IF(L33="","",(L33-1)/4) | ... BB72: =IF(BB33="","",(BB33-1)/4)
A73: Q21_4 | B73: 정보공유·의사소통 | C73: =가중치!$F$26 | E73: =IF(E34="","",(E34-1)/4) | F73: =IF(F34="","",(F34-1)/4) | G73: =IF(G34="","",(G34-1)/4) | H73: =IF(H34="","",(H34-1)/4) | I73: =IF(I34="","",(I34-1)/4) | J73: =IF(J34="","",(J34-1)/4) | K73: =IF(K34="","",(K34-1)/4) | L73: =IF(L34="","",(L34-1)/4) | ... BB73: =IF(BB34="","",(BB34-1)/4)
A74: Q21_5 | B74: 정보공유·의사소통 | C74: =가중치!$F$27 | E74: =IF(E35="","",(E35-1)/4) | F74: =IF(F35="","",(F35-1)/4) | G74: =IF(G35="","",(G35-1)/4) | H74: =IF(H35="","",(H35-1)/4) | I74: =IF(I35="","",(I35-1)/4) | J74: =IF(J35="","",(J35-1)/4) | K74: =IF(K35="","",(K35-1)/4) | L74: =IF(L35="","",(L35-1)/4) | ... BB74: =IF(BB35="","",(BB35-1)/4)
A75: Q22_1 | B75: 정보공유·의사소통 | C75: =가중치!$F$28 | E75: =IF(E36="","",(E36-1)/4) | F75: =IF(F36="","",(F36-1)/4) | G75: =IF(G36="","",(G36-1)/4) | H75: =IF(H36="","",(H36-1)/4) | I75: =IF(I36="","",(I36-1)/4) | J75: =IF(J36="","",(J36-1)/4) | K75: =IF(K36="","",(K36-1)/4) | L75: =IF(L36="","",(L36-1)/4) | ... BB75: =IF(BB36="","",(BB36-1)/4)
A76: Q22_2 | B76: 정보공유·의사소통 | C76: =가중치!$F$29 | E76: =IF(E37="","",(E37-1)/4) | F76: =IF(F37="","",(F37-1)/4) | G76: =IF(G37="","",(G37-1)/4) | H76: =IF(H37="","",(H37-1)/4) | I76: =IF(I37="","",(I37-1)/4) | J76: =IF(J37="","",(J37-1)/4) | K76: =IF(K37="","",(K37-1)/4) | L76: =IF(L37="","",(L37-1)/4) | ... BB76: =IF(BB37="","",(BB37-1)/4)
A77: Q22_3 | B77: 정보공유·의사소통 | C77: =가중치!$F$30 | E77: =IF(E38="","",(E38-1)/4) | F77: =IF(F38="","",(F38-1)/4) | G77: =IF(G38="","",(G38-1)/4) | H77: =IF(H38="","",(H38-1)/4) | I77: =IF(I38="","",(I38-1)/4) | J77: =IF(J38="","",(J38-1)/4) | K77: =IF(K38="","",(K38-1)/4) | L77: =IF(L38="","",(L38-1)/4) | ... BB77: =IF(BB38="","",(BB38-1)/4)
A78: Q22_4 | B78: 정보공유·의사소통 | C78: =가중치!$F$31 | E78: =IF(E39="","",(E39-1)/4) | F78: =IF(F39="","",(F39-1)/4) | G78: =IF(G39="","",(G39-1)/4) | H78: =IF(H39="","",(H39-1)/4) | I78: =IF(I39="","",(I39-1)/4) | J78: =IF(J39="","",(J39-1)/4) | K78: =IF(K39="","",(K39-1)/4) | L78: =IF(L39="","",(L39-1)/4) | ... BB78: =IF(BB39="","",(BB39-1)/4)
A79: Q19_1 | B79: 고충처리 | C79: =가중치!$F$32 | E79: =IF(E26="","",(E26-1)/4) | F79: =IF(F26="","",(F26-1)/4) | G79: =IF(G26="","",(G26-1)/4) | H79: =IF(H26="","",(H26-1)/4) | I79: =IF(I26="","",(I26-1)/4) | J79: =IF(J26="","",(J26-1)/4) | K79: =IF(K26="","",(K26-1)/4) | L79: =IF(L26="","",(L26-1)/4) | ... BB79: =IF(BB26="","",(BB26-1)/4)
A80: Q19_2 | B80: 고충처리 | C80: =가중치!$F$33 | E80: =IF(E27="","",(E27-1)/4) | F80: =IF(F27="","",(F27-1)/4) | G80: =IF(G27="","",(G27-1)/4) | H80: =IF(H27="","",(H27-1)/4) | I80: =IF(I27="","",(I27-1)/4) | J80: =IF(J27="","",(J27-1)/4) | K80: =IF(K27="","",(K27-1)/4) | L80: =IF(L27="","",(L27-1)/4) | ... BB80: =IF(BB27="","",(BB27-1)/4)
A81: Q19_3 | B81: 고충처리 | C81: =가중치!$F$34 | E81: =IF(E28="","",(E28-1)/4) | F81: =IF(F28="","",(F28-1)/4) | G81: =IF(G28="","",(G28-1)/4) | H81: =IF(H28="","",(H28-1)/4) | I81: =IF(I28="","",(I28-1)/4) | J81: =IF(J28="","",(J28-1)/4) | K81: =IF(K28="","",(K28-1)/4) | L81: =IF(L28="","",(L28-1)/4) | ... BB81: =IF(BB28="","",(BB28-1)/4)
A82: Q19_4 | B82: 고충처리 | C82: =가중치!$F$35 | E82: =IF(E29="","",(E29-1)/4) | F82: =IF(F29="","",(F29-1)/4) | G82: =IF(G29="","",(G29-1)/4) | H82: =IF(H29="","",(H29-1)/4) | I82: =IF(I29="","",(I29-1)/4) | J82: =IF(J29="","",(J29-1)/4) | K82: =IF(K29="","",(K29-1)/4) | L82: =IF(L29="","",(L29-1)/4) | ... BB82: =IF(BB29="","",(BB29-1)/4)
A83: Q23_1 | B83: 노사협의회 활용성 | C83: =가중치!$F$36 | E83: =IF(E40="","",(E40-1)/4) | F83: =IF(F40="","",(F40-1)/4) | G83: =IF(G40="","",(G40-1)/4) | H83: =IF(H40="","",(H40-1)/4) | I83: =IF(I40="","",(I40-1)/4) | J83: =IF(J40="","",(J40-1)/4) | K83: =IF(K40="","",(K40-1)/4) | L83: =IF(L40="","",(L40-1)/4) | ... BB83: =IF(BB40="","",(BB40-1)/4)
A84: Q23_2 | B84: 노사협의회 활용성 | C84: =가중치!$F$37 | E84: =IF(E41="","",(E41-1)/4) | F84: =IF(F41="","",(F41-1)/4) | G84: =IF(G41="","",(G41-1)/4) | H84: =IF(H41="","",(H41-1)/4) | I84: =IF(I41="","",(I41-1)/4) | J84: =IF(J41="","",(J41-1)/4) | K84: =IF(K41="","",(K41-1)/4) | L84: =IF(L41="","",(L41-1)/4) | ... BB84: =IF(BB41="","",(BB41-1)/4)
A85: Q23_3 | B85: 노사협의회 활용성 | C85: =가중치!$F$38 | E85: =IF(E42="","",(E42-1)/4) | F85: =IF(F42="","",(F42-1)/4) | G85: =IF(G42="","",(G42-1)/4) | H85: =IF(H42="","",(H42-1)/4) | I85: =IF(I42="","",(I42-1)/4) | J85: =IF(J42="","",(J42-1)/4) | K85: =IF(K42="","",(K42-1)/4) | L85: =IF(L42="","",(L42-1)/4) | ... BB85: =IF(BB42="","",(BB42-1)/4)
A86: Q23_4 | B86: 노사협의회 활용성 | C86: =가중치!$F$39 | E86: =IF(E43="","",(E43-1)/4) | F86: =IF(F43="","",(F43-1)/4) | G86: =IF(G43="","",(G43-1)/4) | H86: =IF(H43="","",(H43-1)/4) | I86: =IF(I43="","",(I43-1)/4) | J86: =IF(J43="","",(J43-1)/4) | K86: =IF(K43="","",(K43-1)/4) | L86: =IF(L43="","",(L43-1)/4) | ... BB86: =IF(BB43="","",(BB43-1)/4)
A87: Q23_5 | B87: 노사협의회 활용성 | C87: =가중치!$F$40 | E87: =IF(E44="","",(E44-1)/4) | F87: =IF(F44="","",(F44-1)/4) | G87: =IF(G44="","",(G44-1)/4) | H87: =IF(H44="","",(H44-1)/4) | I87: =IF(I44="","",(I44-1)/4) | J87: =IF(J44="","",(J44-1)/4) | K87: =IF(K44="","",(K44-1)/4) | L87: =IF(L44="","",(L44-1)/4) | ... BB87: =IF(BB44="","",(BB44-1)/4)
A89: ③ 2023·24식 변환: 5점척도 x/5 · 문17 (미시행=1, 시행=활성화)/5 · 문18 미발생=1
A90: Q16_1 | B90: 노사관계 전반 인식 | C90: =가중치!$F$5 | E90: =IF(E8="","",E8/5) | F90: =IF(F8="","",F8/5) | G90: =IF(G8="","",G8/5) | H90: =IF(H8="","",H8/5) | I90: =IF(I8="","",I8/5) | J90: =IF(J8="","",J8/5) | K90: =IF(K8="","",K8/5) | L90: =IF(L8="","",L8/5) | ... BB90: =IF(BB8="","",BB8/5)
A91: Q16_2 | B91: 노사관계 전반 인식 | C91: =가중치!$F$6 | E91: =IF(E9="","",E9/5) | F91: =IF(F9="","",F9/5) | G91: =IF(G9="","",G9/5) | H91: =IF(H9="","",H9/5) | I91: =IF(I9="","",I9/5) | J91: =IF(J9="","",J9/5) | K91: =IF(K9="","",K9/5) | L91: =IF(L9="","",L9/5) | ... BB91: =IF(BB9="","",BB9/5)
A92: Q16_3 | B92: 노사관계 전반 인식 | C92: =가중치!$F$7 | E92: =IF(E10="","",E10/5) | F92: =IF(F10="","",F10/5) | G92: =IF(G10="","",G10/5) | H92: =IF(H10="","",H10/5) | I92: =IF(I10="","",I10/5) | J92: =IF(J10="","",J10/5) | K92: =IF(K10="","",K10/5) | L92: =IF(L10="","",L10/5) | ... BB92: =IF(BB10="","",BB10/5)
A93: Q16_4 | B93: 노사관계 전반 인식 | C93: =가중치!$F$8 | E93: =IF(E11="","",E11/5) | F93: =IF(F11="","",F11/5) | G93: =IF(G11="","",G11/5) | H93: =IF(H11="","",H11/5) | I93: =IF(I11="","",I11/5) | J93: =IF(J11="","",J11/5) | K93: =IF(K11="","",K11/5) | L93: =IF(L11="","",L11/5) | ... BB93: =IF(BB11="","",BB11/5)
A94: Q24_1 | B94: 노조·근로자대표의 혁신 태도 | C94: =가중치!$F$9 | E94: =IF(E45="","",E45/5) | F94: =IF(F45="","",F45/5) | G94: =IF(G45="","",G45/5) | H94: =IF(H45="","",H45/5) | I94: =IF(I45="","",I45/5) | J94: =IF(J45="","",J45/5) | K94: =IF(K45="","",K45/5) | L94: =IF(L45="","",L45/5) | ... BB94: =IF(BB45="","",BB45/5)
A95: Q24_2 | B95: 노조·근로자대표의 혁신 태도 | C95: =가중치!$F$10 | E95: =IF(E46="","",E46/5) | F95: =IF(F46="","",F46/5) | G95: =IF(G46="","",G46/5) | H95: =IF(H46="","",H46/5) | I95: =IF(I46="","",I46/5) | J95: =IF(J46="","",J46/5) | K95: =IF(K46="","",K46/5) | L95: =IF(L46="","",L46/5) | ... BB95: =IF(BB46="","",BB46/5)
A96: Q24_3 | B96: 노조·근로자대표의 혁신 태도 | C96: =가중치!$F$11 | E96: =IF(E47="","",E47/5) | F96: =IF(F47="","",F47/5) | G96: =IF(G47="","",G47/5) | H96: =IF(H47="","",H47/5) | I96: =IF(I47="","",I47/5) | J96: =IF(J47="","",J47/5) | K96: =IF(K47="","",K47/5) | L96: =IF(L47="","",L47/5) | ... BB96: =IF(BB47="","",BB47/5)
A97: Q24_4 | B97: 노조·근로자대표의 혁신 태도 | C97: =가중치!$F$12 | E97: =IF(E48="","",E48/5) | F97: =IF(F48="","",F48/5) | G97: =IF(G48="","",G48/5) | H97: =IF(H48="","",H48/5) | I97: =IF(I48="","",I48/5) | J97: =IF(J48="","",J48/5) | K97: =IF(K48="","",K48/5) | L97: =IF(L48="","",L48/5) | ... BB97: =IF(BB48="","",BB48/5)
A98: Q24_5 | B98: 노조·근로자대표의 혁신 태도 | C98: =가중치!$F$13 | E98: =IF(E49="","",E49/5) | F98: =IF(F49="","",F49/5) | G98: =IF(G49="","",G49/5) | H98: =IF(H49="","",H49/5) | I98: =IF(I49="","",I49/5) | J98: =IF(J49="","",J49/5) | K98: =IF(K49="","",K49/5) | L98: =IF(L49="","",L49/5) | ... BB98: =IF(BB49="","",BB49/5)
A99: Q17_1 | B99: 노사협력 프로그램 | C99: =가중치!$F$14 | E99: =IF(E12="","",IF(E12=0,0.2,IF(E13="","",E13/5))) | F99: =IF(F12="","",IF(F12=0,0.2,IF(F13="","",F13/5))) | G99: =IF(G12="","",IF(G12=0,0.2,IF(G13="","",G13/5))) | H99: =IF(H12="","",IF(H12=0,0.2,IF(H13="","",H13/5))) | I99: =IF(I12="","",IF(I12=0,0.2,IF(I13="","",I13/5))) | J99: =IF(J12="","",IF(J12=0,0.2,IF(J13="","",J13/5))) | K99: =IF(K12="","",IF(K12=0,0.2,IF(K13="","",K13/5))) | L99: =IF(L12="","",IF(L12=0,0.2,IF(L13="","",L13/5))) | ... BB99: =IF(BB12="","",IF(BB12=0,0.2,IF(BB13="","",BB13/5)))
A100: Q17_2 | B100: 노사협력 프로그램 | C100: =가중치!$F$15 | E100: =IF(E14="","",IF(E14=0,0.2,IF(E15="","",E15/5))) | F100: =IF(F14="","",IF(F14=0,0.2,IF(F15="","",F15/5))) | G100: =IF(G14="","",IF(G14=0,0.2,IF(G15="","",G15/5))) | H100: =IF(H14="","",IF(H14=0,0.2,IF(H15="","",H15/5))) | I100: =IF(I14="","",IF(I14=0,0.2,IF(I15="","",I15/5))) | J100: =IF(J14="","",IF(J14=0,0.2,IF(J15="","",J15/5))) | K100: =IF(K14="","",IF(K14=0,0.2,IF(K15="","",K15/5))) | L100: =IF(L14="","",IF(L14=0,0.2,IF(L15="","",L15/5))) | ... BB100: =IF(BB14="","",IF(BB14=0,0.2,IF(BB15="","",BB15/5)))
A101: Q17_3 | B101: 노사협력 프로그램 | C101: =가중치!$F$16 | E101: =IF(E16="","",IF(E16=0,0.2,IF(E17="","",E17/5))) | F101: =IF(F16="","",IF(F16=0,0.2,IF(F17="","",F17/5))) | G101: =IF(G16="","",IF(G16=0,0.2,IF(G17="","",G17/5))) | H101: =IF(H16="","",IF(H16=0,0.2,IF(H17="","",H17/5))) | I101: =IF(I16="","",IF(I16=0,0.2,IF(I17="","",I17/5))) | J101: =IF(J16="","",IF(J16=0,0.2,IF(J17="","",J17/5))) | K101: =IF(K16="","",IF(K16=0,0.2,IF(K17="","",K17/5))) | L101: =IF(L16="","",IF(L16=0,0.2,IF(L17="","",L17/5))) | ... BB101: =IF(BB16="","",IF(BB16=0,0.2,IF(BB17="","",BB17/5)))
A102: Q17_4 | B102: 노사협력 프로그램 | C102: =가중치!$F$17 | E102: =IF(E18="","",IF(E18=0,0.2,IF(E19="","",E19/5))) | F102: =IF(F18="","",IF(F18=0,0.2,IF(F19="","",F19/5))) | G102: =IF(G18="","",IF(G18=0,0.2,IF(G19="","",G19/5))) | H102: =IF(H18="","",IF(H18=0,0.2,IF(H19="","",H19/5))) | I102: =IF(I18="","",IF(I18=0,0.2,IF(I19="","",I19/5))) | J102: =IF(J18="","",IF(J18=0,0.2,IF(J19="","",J19/5))) | K102: =IF(K18="","",IF(K18=0,0.2,IF(K19="","",K19/5))) | L102: =IF(L18="","",IF(L18=0,0.2,IF(L19="","",L19/5))) | ... BB102: =IF(BB18="","",IF(BB18=0,0.2,IF(BB19="","",BB19/5)))
A103: Q17_5 | B103: 노사협력 프로그램 | C103: =가중치!$F$18 | E103: =IF(E20="","",IF(E20=0,0.2,IF(E21="","",E21/5))) | F103: =IF(F20="","",IF(F20=0,0.2,IF(F21="","",F21/5))) | G103: =IF(G20="","",IF(G20=0,0.2,IF(G21="","",G21/5))) | H103: =IF(H20="","",IF(H20=0,0.2,IF(H21="","",H21/5))) | I103: =IF(I20="","",IF(I20=0,0.2,IF(I21="","",I21/5))) | J103: =IF(J20="","",IF(J20=0,0.2,IF(J21="","",J21/5))) | K103: =IF(K20="","",IF(K20=0,0.2,IF(K21="","",K21/5))) | L103: =IF(L20="","",IF(L20=0,0.2,IF(L21="","",L21/5))) | ... BB103: =IF(BB20="","",IF(BB20=0,0.2,IF(BB21="","",BB21/5)))
...
